tick,bonds.long.interest,bonds.long.minimum,bonds.long.term,bonds.mid.interest,bonds.mid.minimum,bonds.mid.term,bonds.short.interest,bonds.short.minimum,bonds.short.term,cds.long.interest,cds.long.minimum,cds.long.term,cds.mid.interest,cds.mid.minimum,cds.mid.term,cds.short.interest,cds.short.minimum,cds.short.term,crop.adjusted,crop.value,fund.adjusted,fund.value,gold.adjusted,gold.value,savings.rate,stocks.1595.adjusted,stocks.1595.value,stocks.1667.adjusted,stocks.1667.value,stocks.1671.adjusted,stocks.1671.value,stocks.1673.adjusted,stocks.1673.value,stocks.1675.adjusted,stocks.1675.value,stocks.1677.adjusted,stocks.1677.value,stocks.1679.adjusted,stocks.1679.value,stocks.1681.adjusted,stocks.1681.value,stocks.1683.adjusted,stocks.1683.value,stocks.1685.adjusted,stocks.1685.value,stocks.1687.adjusted,stocks.1687.value,stocks.1689.adjusted,stocks.1689.value,stocks.1691.adjusted,stocks.1691.value,stocks.1693.adjusted,stocks.1693.value,stocks.1695.adjusted,stocks.1695.value,stocks.1699.adjusted,stocks.1699.value,stocks.1701.adjusted,stocks.1701.value,stocks.1703.adjusted,stocks.1703.value,stocks.1705.adjusted,stocks.1705.value,stocks.232.adjusted,stocks.232.value,stocks.280.adjusted,stocks.280.value,stocks.282.adjusted,stocks.282.value,stocks.283.adjusted,stocks.283.value,stocks.284.adjusted,stocks.284.value,stocks.287.adjusted,stocks.287.value,stocks.288.adjusted,stocks.288.value,stocks.289.adjusted,stocks.289.value,stocks.290.adjusted,stocks.290.value,stocks.291.adjusted,stocks.291.value,stocks.292.adjusted,stocks.292.value,stocks.297.adjusted,stocks.297.value,stocks.298.adjusted,stocks.298.value,stocks.300.adjusted,stocks.300.value,stocks.301.adjusted,stocks.301.value,stocks.302.adjusted,stocks.302.value,stocks.303.adjusted,stocks.303.value,stocks.304.adjusted,stocks.304.value,stocks.305.adjusted,stocks.305.value,stocks.306.adjusted,stocks.306.value,stocks.307.adjusted,stocks.307.value,stocks.45.adjusted,stocks.45.value
136,14.05,1000,120,14.37,500,60,15.04,250,12,21.27,1000,36,20.27,500,12,18.27,250,3,12.46,4.45,2273.42,811.53,1342.91,479.37,9.1744,,,,,,,,,,,,,,,,,,,6.1,2.18,,,,,,,,,,,,,0,0,,,,,,,,,,,,,,,,,,,,,,,,,,,,,27.66,9.88,,,,,,,,,,,,,,,,,,
137,13.46,1000,120,13.99,500,60,15.13,250,12,19.9,1000,36,18.9,500,12,16.9,250,3,11.22,4.04,2258.05,813.23,1275.45,459.35,9.8345,,,,,,,,,,,,,,,,,,,5.86,2.11,,,,,,,,,,,,,0,0,,,,,,,,,,,,,,,,,,,,,,,,,,,,,28.46,10.25,,,,,,,,,,,,,,,,,,
138,14.04,1000,120,14.47,500,60,15.2,250,12,20.76,1000,36,19.76,500,12,17.76,250,3,2.17,0.79,360.34,131.21,1122.16,408.61,8.36,,,,,,,10.99,4,,,,,,,,,,,5.74,2.09,,,,,,,,,10.76,3.92,,,0,0,58.74,21.39,,,,,,,,,,,,,5.62,2.05,,,,,,,,,,,,,28.15,10.25,,,,,,,,,,,,,,,,,,
139,14.67,1000,120,15.24,500,60,16.12,250,12,20.96,1000,36,19.96,500,12,17.96,250,3,2.04,0.75,354.34,130.01,1119.91,410.91,9.9944,,,,,,,10.99,4.03,,,,,,,,,,,5.39,1.98,,,,,,,,,9.31,3.42,,,0,0,59.72,21.91,,,,,,,,,,,,,4.94,1.81,,,,,,,,,,,,,32.36,11.88,,,,,,,,,,,,,,,,,,
140,15.41,1000,120,16.12,500,60,17.06,250,12,19.84,1000,36,18.84,500,12,16.84,250,3,1.82,0.68,331.42,122.79,1198.67,444.1,9.2124,,,,,,,10.8,4,,,,,,,,,,,5.58,2.07,,,,,,,,,8.27,3.06,,,0,0,52.05,19.28,,,,,,,,,,,,,4.55,1.69,,,,,,,,,,,,,29.02,10.75,,,,,,,,,,,,,,,,,,
141,15.75,1000,120,16.13,500,60,16.59,250,12,18.39,1000,36,17.39,500,12,15.39,250,3,1.74,0.65,312.57,116.18,1177.33,437.6,10.7835,,,,,,,10.76,4,,,,,,,,,,,5.14,1.91,,,,,,,,,7.29,2.71,,,0,0,55.65,20.69,,,,,,,,,,,,,4.54,1.69,,,,,,,,,,,,,29.59,11,,,,,,,,,,,,,,,,,,
142,14.63,1000,120,14.78,500,60,14.31,250,12,15.48,1000,36,14.48,500,12,12.48,250,3,1.77,0.66,318.96,119.06,1105.63,412.71,9.1584,,,,,,,12.56,4.69,,,,,,,,,,,5.3,1.98,,,,,,,,,8.59,3.21,,,0,0,55.89,20.86,,,,,,,,,,,,,4.77,1.78,,,,,,,,,,,,,30.47,11.38,,,,,,,,,,,,,,,,,,
143,13.37,1000,120,13.11,500,60,12.13,250,12,15.49,1000,36,14.49,500,12,12.49,250,3,1.7,0.64,337.41,126.35,1095.67,410.3,7.6419,,,,,,,9.93,3.72,,,,,,,,,,,5.04,1.89,,,,,,,,,7.57,2.83,,,0,0,61.82,23.15,,,,,,,,,,,,,5.09,1.91,,,,,,,,,,,,,33.05,12.38,,,,,,,,,,,,,,,,,,
144,13.98,1000,120,13.97,500,60,13.35,250,12,16.51,1000,36,15.51,500,12,13.51,250,3,1.71,0.64,325.55,122.3,1022.05,383.95,8.4105,,,,,,,10.48,3.94,,,,,,,,,,,5.15,1.93,,,,,,,,,7.82,2.94,,,0,0,62.06,23.32,,,,,,,,,,,,,4.95,1.86,,,,,,,,,,,,,32.94,12.38,,,,,,,,,,,,,,,,,,
145,14.58,1000,120,14.79,500,60,15.08,250,12,18,1000,36,17,500,12,15,250,3,1.74,0.65,317.92,119.81,991.53,373.67,7.9924,,,,,,,9.95,3.75,,,,,,,,,,,5.01,1.89,,,,,,,,,8.57,3.23,,,0,0,60.47,22.79,,,,,,,,,,,,,4.98,1.88,,,,,,,,,,,,,30.85,11.63,,,,,,,,,,,,,,,,,,
146,13.85,1000,120,13.97,500,60,13.93,250,12,17.21,1000,36,16.21,500,12,14.21,250,3,1.73,0.65,300.14,113.11,874.35,329.51,8.2188,43.85,16.52,,,,,9.87,3.72,,,,,,,,,,,5.25,1.98,,,,,,,,,8.4,3.17,,,0,0,60.94,22.97,,,,,,,,,,,,,4.81,1.81,,,0,0,,,,,,,,,29.85,11.25,,,,,22.06,8.31,,,,,,,,,7.37,2.78,,
147,14.1,1000,120,14.26,500,60,14.21,250,12,17.44,1000,36,16.44,501,12,14.44,250,3,3.57,1.35,296.15,111.96,927.54,350.66,7.105,42.98,16.25,,,,,9.34,3.53,,,,,,,,,,,5.58,2.11,,,,,,,,,9.92,3.75,,,0,0,56.57,21.39,,,,,,,,,,,,,4.59,1.73,,,0,0,,,,,,,,,30.75,11.63,,,,,22.07,8.34,,,,,,,,,6.86,2.59,18.02,6.81
148,13.87,1000,120,13.9,500,60,13.67,250,12,16.8,1000,36,15.8,500,12,13.8,250,3,3.45,1.32,304.5,116.21,873.11,333.21,6.9717,39.85,15.21,,,,,9.99,3.81,,,,,,,,,,,5.47,2.09,,,,,,,,,10.86,4.15,,,0,0,62.01,23.67,,,,,,,,,,,,,4.54,1.73,,,0,0,,,,,,,,,31.12,11.88,,,,,22.52,8.59,0,0,,,1.51,0.58,,,7.42,2.83,17.93,6.84
149,13.93,1000,120,13.98,500,60,13.37,250,12,17.46,1000,36,16.46,500,12,14.46,250,3,3.46,1.34,290.07,111.97,815.49,314.79,9.2253,34.98,13.5,,,,,10.12,3.91,,,,,,,,,,,5.41,2.09,,,,,,,,,10.15,3.92,,,0,0,61.31,23.67,,,,,,,,,,,,,4.29,1.66,,,0,0,,,,,,,,,32.06,12.38,,,,,24.04,9.28,0,0,,,1.46,0.56,,,6.52,2.52,16.51,6.38
150,14.4,1000,120,14.62,500,60,14.24,250,12,16.44,1000,36,15.44,500,12,13.44,250,3,3.4,1.32,282.27,109.52,876.02,339.9,8.2592,35.94,13.94,,,,,9.83,3.81,,,,,,,,,,,5.38,2.09,,,,,,,9.63,3.74,10.42,4.04,,,0,0,55.57,21.56,8.05,3.13,,,,,,,,,,,4.11,1.59,,,0,0,,,,,11.85,4.6,,,31.25,12.13,,,,,20.22,7.84,0,0,,,1.45,0.56,,,5.92,2.3,16.95,6.58
151,13.68,1000,120,13.73,500,60,12.56,250,12,13.61,1000,36,12.61,500,12,10.61,250,3,3.26,1.27,276.11,107.35,940.1,365.51,7.9128,33.75,13.12,,,,,10.69,4.16,,,,,,,,,,,5.6,2.18,,,,,,,9.68,3.76,11.47,4.46,,,0,0,55.46,21.56,8.36,3.25,,,,,,,,,,,3.86,1.5,,,0,0,,,,,11.35,4.41,,,30.22,11.75,,,,,17.92,6.97,0,0,,,1.46,0.57,,,6.1,2.37,17.12,6.66
152,12.76,1000,120,12.58,500,60,11.21,250,12,13.66,1000,36,12.66,500,12,10.66,250,3,3.24,1.26,307.41,119.52,1124.59,437.24,7.847,38.55,14.99,,,,,12.14,4.72,,,,,,,,,,,5.32,2.07,,,,,,,10.9,4.24,12.97,5.04,,,0,0,59.97,23.32,8.04,3.13,,,,,,,,,,,4.26,1.66,,,0,0,,,,,12.15,4.72,,,29.26,11.38,,,,,19.85,7.72,0,0,,,1.49,0.58,,,9.05,3.52,19.61,7.63
153,11.51,1000,120,11.5,500,60,10.05,250,12,12.51,1000,36,11.51,500,12,9.51,250,3,13.54,5.29,1896.22,740.27,1082.84,422.73,6.03,37.12,14.49,,,,,12.17,4.75,,,,,,,,,,,5.29,2.07,,,2.51,0.98,,,10.78,4.21,11.37,4.44,,,0,0,65.14,25.43,11.53,4.5,,,,,,,,,,,4.72,1.84,,,0,0,,,,,11.38,4.44,,,38.1,14.88,,,,,22.01,8.59,0,0,,,1.59,0.62,,,7.87,3.07,20.69,8.08
154,10.56,1000,120,10.41,500,60,9.03,250,12,11.95,1000,36,10.95,500,12,8.95,250,3,14.15,5.52,2112.62,823.91,1064.66,415.21,4.6956,42.65,16.63,,,,,14.26,5.56,,,,,,,,,,,5.3,2.07,,,2.68,1.05,,,11.93,4.65,15.22,5.94,,,0,0,74.17,28.93,12.82,5,,,,,,,,,,,6.25,2.44,,,0,0,,,,,11.95,4.66,,,47.12,18.38,,,,,23.08,9,0,0,,,1.88,0.73,,,10.4,4.06,23.36,9.11
155,10.74,1000,120,10.34,500,60,9.38,250,12,11.66,1000,36,10.66,500,12,8.66,250,3,14.7,5.71,2179.19,847.27,1143,444.4,5.5342,43.91,17.07,,,,,15.03,5.84,,,,,,,,,,,5.6,2.18,,,2.78,1.08,,,13.04,5.07,16.08,6.25,,,23.15,9,74.4,28.93,25.72,10,,,,,,,,,,,5.95,2.31,,,0,0,,,,,12.71,4.94,,,47.9,18.63,,,,,21.86,8.5,0,0,,,2.27,0.88,,,12.34,4.8,23.79,9.25
156,10.36,1000,120,10.09,500,60,8.68,250,12,11.36,1000,36,10.36,500,12,8.36,250,3,14.67,5.71,2199.18,856.79,1239.13,482.76,5.3816,42.27,16.47,,,,,15.56,6.06,,,,,,,,,,,5.53,2.16,,,2.78,1.08,,,12.51,4.88,16.2,6.31,,,25.35,9.88,77.84,30.33,30.16,11.75,,,,,,,,,,,6.18,2.41,,,0,0,,,,,13.32,5.19,,,49.41,19.25,,,,,22.78,8.88,0,0,,,2.3,0.89,,,12.79,4.98,24.18,9.42
157,10.78,1000,120,10.34,500,60,8.93,250,12,11.54,1000,36,10.54,500,12,8.54,250,3,15.42,6.01,2239.78,873.5,1253.22,488.75,4.5543,41.1,16.03,,,,,15.14,5.91,,,,,,,,,,,5.58,2.18,,,2.9,1.13,,,11.15,4.35,23.08,9,,,23.24,9.06,97.09,37.87,35.26,13.75,,,,,,,,,,,6.25,2.44,,,0,0,,,,,13.06,5.1,,,50.96,19.88,,,,,23.56,9.19,0,0,,,2.22,0.87,,,13.87,5.41,24.16,9.42
158,10.22,1000,120,9.74,500,60,8.58,250,12,11.69,1000,36,10.69,500,12,8.69,250,3,14.81,5.78,2354.48,919.17,1075.69,419.94,5.4054,43.45,16.96,,,,,16.25,6.34,,,,,,,,,,,5.58,2.18,,,2.89,1.13,,,12.49,4.88,23.37,9.13,,,25.78,10.06,92.5,36.11,33.3,13,,,,,,,,,,,6.96,2.72,,,0,0,,,,,14.4,5.62,,,49.95,19.5,,,,,25.46,9.94,0,0,,,2.28,0.89,,,13.95,5.44,25.34,9.89
159,10.62,1000,120,10.27,500,60,9.34,250,12,11.63,1000,36,10.63,500,12,8.63,250,3,16.2,6.37,2367.4,930.81,1101.23,432.98,5.7908,47.75,18.77,,,,,19.87,7.81,,,,,,,,,,,7.01,2.76,,,3.07,1.21,,,13.49,5.31,22.89,9,,,26.23,10.31,87.39,34.36,27.34,10.75,,,,,,,,,,,7.39,2.91,,,0,0,35.89,14.11,,,14.62,5.75,,,59.13,23.25,,,,,27.02,10.63,0,0,,,2.51,0.99,,,15.31,6.02,25.27,9.94
160,10.27,1000,120,9.88,500,60,8.75,250,12,11.49,1000,36,10.49,500,12,8.49,250,3,16.56,6.54,2524.99,996.79,1108.04,437.42,4.8125,53.12,20.97,,,,,21.77,8.59,,,,,,,7.74,3.06,,,8.39,3.31,,,3.32,1.31,,,14.25,5.63,23.83,9.41,27.65,10.92,28.66,11.31,81.71,32.26,27.86,11,,,,,,,,,,,8.39,3.31,,,0,0,40.21,15.87,,,15.27,6.03,,,51.93,20.5,,,,,29.53,11.66,0,0,,,2.61,1.03,,,14.59,5.76,26.87,10.61
161,10.77,1000,120,10.48,500,60,9.39,250,12,12.2,1000,36,11.2,500,12,9.2,250,3,15.35,6.07,2516.17,995.31,1044.03,412.98,4.8828,51.07,20.2,,,,,24.17,9.56,,,,,7.41,2.93,7.58,3,,,8.15,3.22,,,3.07,1.21,,,13.83,5.47,30.73,12.16,28.96,11.46,27.65,10.94,92.18,36.46,27.18,10.75,,,,,,,,,,,8.33,3.3,,,0,0,47.34,18.73,,,16.73,6.62,,,54.35,21.5,,,,,29.15,11.53,0,0,,,2.57,1.02,36.38,14.39,14.98,5.93,27.37,10.83
162,10.93,1000,120,10.72,500,60,9.67,250,12,12.5,1000,36,11.5,500,12,9.5,250,3,15.52,6.16,2606.7,1035.27,1064.06,422.6,5.6086,52.39,20.81,,,,,12.59,5,,,,,7.14,2.83,6.99,2.78,,,8.6,3.42,,,3.39,1.35,,,13.39,5.32,40.76,16.19,34.23,13.59,27.38,10.88,89.16,35.41,25.18,10,,,,,,,,,,,8.34,3.31,,,0,0,45.72,18.16,,,15.57,6.18,,,51.93,20.63,,,,,31.95,12.69,0,0,,,2.71,1.08,32.13,12.76,17.07,6.78,26.44,10.5
163,11.8,1000,120,11.63,500,60,10.53,250,12,12.77,1000,36,11.77,500,12,9.77,250,3,18.44,7.34,2492.73,992.98,1045.16,416.34,6.2127,50.16,19.98,,,,,13.18,5.25,,,,,6.55,2.61,6.83,2.72,,,8.02,3.19,,,3.41,1.36,,,11.44,4.56,37.03,14.75,33.65,13.4,26.83,10.69,88.02,35.06,22.59,9,,,,,,,,,,,8.12,3.23,,,0,0,43.1,17.17,,,15.29,6.09,,,51.15,20.38,,,,,30.52,12.16,0,0,,,2.77,1.1,32.65,13.01,15.48,6.17,24.79,9.88
164,11.97,1000,120,11.76,500,60,10.57,250,12,12.39,1000,36,11.39,500,12,9.39,250,3,22.06,8.81,2509.63,1002.71,1029.12,411.18,6.5534,49.19,19.65,,,,,12.28,4.91,,,,,6.5,2.6,5.98,2.39,,,7.58,3.03,,,3.3,1.32,,,11.71,4.68,40.05,16,32.95,13.17,29.1,11.63,84.24,33.66,16.89,6.75,,,,,,,,,,,8.41,3.36,,,0,0,42.33,16.91,,,17.18,6.87,,,52.56,21,,,,,35.67,14.25,0,0,,,2.58,1.03,33.48,13.38,14.09,5.63,24.52,9.8
165,11.44,1000,120,11.2,500,60,9.89,250,12,12.18,1000,36,11.18,500,12,9.18,250,3,21.59,8.66,2536.84,1017.62,980.49,393.31,5.2417,46.67,18.72,,,,,11.84,4.75,,,,,6.26,2.51,6.79,2.72,,,8.03,3.22,,,3.41,1.37,,,12.22,4.9,38.64,15.5,34.95,14.02,29.45,11.81,90.03,36.11,23.37,9.38,,,,,,,,,,,8.06,3.23,,,0,0,45.26,18.16,,,17.74,7.11,,,54.22,21.75,,,,,33.11,13.28,0,0,,,2.73,1.09,33.27,13.34,14.36,5.76,25.83,10.36
166,11.69,1000,120,11.38,500,60,9.9,250,12,12.36,1000,36,11.36,500,12,9.36,250,3,20.94,8.43,2479.11,997.42,949.92,382.18,6.336,49.94,20.09,,,,,11.81,4.75,,,,,6.93,2.79,7.59,3.06,,,8.15,3.28,,,3.56,1.43,,,12.7,5.11,36.97,14.88,32.79,13.19,29.83,12,92.37,37.16,22.06,8.88,,,,,,,,,,,7.34,2.95,,,0,0,44.35,17.84,,,16.91,6.8,,,55.61,22.38,,,,,30.91,12.44,0,0,,,2.66,1.07,30.18,12.14,14.04,5.65,26.33,10.59
167,11.63,1000,120,11.37,500,60,9.99,250,12,12.69,1000,36,11.69,500,12,9.69,250,3,20.15,8.13,2520.52,1017.09,961.6,388.03,5.5944,52.51,21.19,,,,,12.12,4.89,,,,,6.77,2.73,8.95,3.61,,,9.02,3.64,,,3.11,1.26,,,12.39,5,41.97,16.94,35.12,14.17,32.99,13.31,87.76,35.41,18.28,7.38,,,,,,,,,,,7.78,3.14,,,0,0,50.14,20.23,,,18.32,7.39,,,54.21,21.88,,,,,29.04,11.72,0,0,,,2.54,1.02,35.82,14.45,16.75,6.76,26.52,10.7
168,11.82,1000,120,11.57,500,60,10.08,250,12,12.42,1000,36,11.42,500,12,9.42,250,3,20.41,8.29,2476.95,1006.41,912.6,370.8,6.048,53.77,21.85,,,,,11,4.47,,,,,6.61,2.69,9.02,3.67,,,8.96,3.64,,,3.14,1.28,,,11.96,4.86,41.69,16.94,33.79,13.73,33.23,13.5,84.57,34.36,20.3,8.25,,,,,,,,,,,8.42,3.42,,,0,0,47.75,19.4,,,18.5,7.52,,,57.84,23.5,,,,,27.53,11.19,0,0,,,2.42,0.98,35.73,14.52,16.04,6.52,25.46,10.34
169,11.64,1000,120,11.31,500,60,9.8,250,12,12.54,1000,36,11.54,500,12,9.54,250,3,18.09,7.39,2432.5,993.19,946.78,386.57,6.174,47.19,19.27,,,,,11.02,4.5,,,,,6.48,2.65,8.57,3.5,,,9.18,3.75,,,3.07,1.26,,,11.09,4.53,35.67,14.56,29.72,12.14,30.61,12.5,85.07,34.73,20.82,8.5,,,,,,,,,,,8.5,3.47,,,0,0,52.6,21.48,,,18.79,7.67,,,54.49,22.25,,,,,28.62,11.69,0,0,,,2.44,1,32.53,13.28,16.15,6.59,23.8,9.72
170,12.07,1000,120,11.77,500,60,10.28,250,12,13.08,1000,36,12.08,500,12,10.08,250,3,18.75,7.68,2351.56,962.95,962.48,394.13,5.5512,43.44,17.79,,,,,9.69,3.97,,,,,5.99,2.45,8.28,3.39,,,9.16,3.75,,,2.88,1.18,,,11.16,4.57,34.65,14.19,28.56,11.7,30.53,12.5,83.05,34.01,21.06,8.63,,,,,,,,,,,7.75,3.17,,,0,0,49.28,20.18,,,16.39,6.71,,,47.93,19.63,,,,,28.85,11.81,0,0,,,2.27,0.93,29.73,12.17,15.6,6.39,22.97,9.41
171,12.53,1000,120,12.28,500,60,10.8,250,12,13.41,1000,36,12.41,500,12,10.41,250,3,19.19,7.89,2357.88,969.29,926.6,380.91,5.94,44.47,18.28,,,,,9.27,3.81,,,,,5.84,2.4,9.46,3.89,,,9.53,3.92,,,2.76,1.14,,,11.79,4.85,34.97,14.38,28.79,11.83,28.13,11.56,73.35,30.15,19.76,8.13,,,,,,,,,,,7.72,3.17,,,0,0,47.2,19.4,,,18.52,7.61,,,46.22,19,,,,,28.58,11.75,0,0,,,2.3,0.95,32.69,13.44,13.83,5.69,22.27,9.16
172,12.82,1000,120,12.57,500,60,11.08,250,12,14.11,1000,36,13.11,500,12,11.11,250,3,19.19,7.9,2384.13,981.98,917.28,377.81,5.8724,43.32,17.84,,,,,9.18,3.78,,,,,6.16,2.54,9.98,4.11,,,8.83,3.64,,,3.01,1.24,,,10.49,4.32,41.88,17.25,29.83,12.29,28.98,11.94,81.72,33.66,20.03,8.25,,,,,,,,,,,7.63,3.14,,,0,0,45.34,18.67,,,17.5,7.21,,,49.16,20.25,,,,,29.36,12.09,0,0,,,2.44,1,32.92,13.56,13.49,5.56,22.95,9.45
173,13.63,1000,120,13.46,500,60,11.96,250,12,14.34,1000,36,13.34,500,12,11.34,250,3,20.03,8.27,2258.86,932.18,913.79,377.1,8.1328,39.91,16.47,,,,,9.31,3.84,,,,,6.32,2.61,9.56,3.94,,,8.48,3.5,,,2.69,1.11,,,9.15,3.78,38.77,16,25.75,10.63,27.41,11.31,81.56,33.66,18.17,7.5,,,,,,,,,,,7.12,2.94,,,0,0,43.12,17.79,,,15.88,6.56,,,47.86,19.75,,,,,27.72,11.44,0,0,,,2.42,1,27.93,11.53,14,5.78,22.72,9.38
174,13.84,1000,120,13.72,500,60,12.3,250,12,14.56,1000,36,13.56,500,12,11.56,250,3,18.15,7.52,2255.8,934.51,837.04,346.76,7.995,41.21,17.07,,,,,9.96,4.13,,,5.2,2.15,6.48,2.69,9.79,4.06,,,8.38,3.47,,,3.01,1.24,,,8.42,3.49,37.42,15.5,23.47,9.72,28.06,11.63,81.25,33.66,18.41,7.63,,,,,,,,,,,7.24,3,,,0,0,46.33,19.19,,,14.77,6.12,,,47.07,19.5,,,40.73,16.88,26.1,10.81,0,0,,,2.36,0.98,29.09,12.05,15.65,6.48,23.16,9.59
175,12.81,1000,120,12.74,500,60,11.82,250,12,14.47,1000,36,13.47,500,12,11.47,250,3,14.89,6.18,2254.4,936.62,837.14,347.8,6.8556,35.94,14.93,,,,,8.42,3.5,,,4.89,2.03,6.34,2.63,9.36,3.89,,,7.96,3.31,,,2.95,1.23,,,7.99,3.32,34.9,14.5,25.94,10.78,30.24,12.56,73.42,30.5,18.05,7.5,,,,,,,,,,,7.48,3.11,,,0,0,43.2,17.95,,,13.46,5.59,,,54.16,22.5,,,42.72,17.75,26.85,11.16,0,0,,,2.28,0.95,29.08,12.08,16.76,6.96,22.94,9.53
176,12.79,1000,120,12.77,500,60,11.96,250,12,14.29,1000,36,13.29,500,12,11.29,250,3,15.26,6.36,2432.7,1013.6,818.71,341.12,7.5348,40.58,16.91,,,,,8.63,3.59,,,5.78,2.41,6.79,2.83,9.33,3.89,,,8.07,3.36,,,3.17,1.32,,,9.67,4.03,47.1,19.63,31.21,13,31.05,12.94,84.15,35.06,18.9,7.88,,,,,,,,,,,8.63,3.59,,,0,0,47.19,19.66,,,14.69,6.12,,,58.8,24.5,,,43.8,18.25,28.8,12,0,0,,,2.65,1.11,33.14,13.81,19.07,7.94,24.71,10.3
177,12.54,1000,120,12.51,500,60,11.44,250,12,13.38,1000,36,12.38,500,12,10.38,250,3,14.1,5.9,2400.68,1004.08,812.72,339.92,7.436,39.24,16.41,,,,,9.34,3.91,7.02,2.94,5.45,2.28,6.79,2.84,10.1,4.22,,,8.04,3.36,,,2.75,1.15,,,9.66,4.04,40.94,17.13,25.95,10.85,29.44,12.31,83.04,34.73,20.32,8.5,,,,,,,,,28.53,11.93,8.89,3.72,,,0,0,48.37,20.23,,,14.71,6.15,,,63.96,26.75,,,46.03,19.25,27.65,11.56,0,0,,,2.81,1.18,29.62,12.39,19.04,7.96,22.6,9.45
178,11.66,1000,120,11.45,500,60,10.18,250,12,12.18,1000,36,11.18,500,12,9.18,250,3,15.36,6.43,2434.47,1020.15,813.95,341.08,6.8206,37.34,15.65,,,,,9.99,4.19,6.86,2.88,5.24,2.2,6.66,2.79,10.61,4.44,,,8.22,3.44,,,2.75,1.15,,,9.94,4.17,38.48,16.13,25.18,10.55,30.58,12.81,92.04,38.57,17.3,7.25,,,,,,,,,29.9,12.53,9.88,4.14,,,0,0,47.66,19.97,,,13.94,5.84,,,68.01,28.5,,,48.92,20.5,26.25,11,0,0,,,3.13,1.31,29.71,12.45,20.51,8.59,24.35,10.2
179,11.58,1000,120,11.25,500,60,9.71,250,12,11.6,1000,36,10.6,500,12,8.6,250,3,14.51,6.09,2374.95,997.1,761.15,319.56,6.1173,38.97,16.36,,,,,9.45,3.97,7.44,3.13,5.62,2.36,6.15,2.58,12.97,5.44,,,9.46,3.97,,,2.75,1.15,,,10.62,4.46,32.45,13.63,22.62,9.5,31.86,13.38,100.21,42.07,14.89,6.25,,,,,,,,,29.46,12.37,9.45,3.97,,,0,0,48.68,20.44,,,14.73,6.18,,,65.5,27.5,,,48.53,20.38,24.86,10.44,0,0,,,3.18,1.34,29.66,12.45,19.32,8.11,23.37,9.81
180,11.55,1000,120,11.08,500,60,9.22,250,12,11.14,1000,36,10.14,500,12,8.14,250,3,13.85,5.83,2422.76,1019.1,718.55,302.25,4.7944,39.54,16.63,,,,,9.29,3.91,6.83,2.88,5.84,2.46,6.17,2.6,18.09,7.61,,,9.38,3.94,,,2.75,1.16,,,11.72,4.93,35.21,14.81,25.09,10.55,31.95,13.44,95.02,39.97,16.05,6.75,,,,,,,,,29.79,12.53,10.62,4.47,,,0,0,49.58,20.85,,,15.29,6.43,,,63,26.5,,,50.22,21.13,24.81,10.44,0,0,,,3.32,1.4,31.5,13.25,19.81,8.33,23.48,9.88
181,11.29,1000,120,10.93,500,60,9.21,250,12,11.69,1000,36,10.69,500,12,8.69,250,3,14.34,6.07,2580.3,1091.53,705.21,298.32,6.0786,44.51,18.83,,,,,10.86,4.59,7.24,3.06,6.42,2.71,6.72,2.84,19.31,8.17,,,9.59,4.06,,,3.12,1.32,,,12.02,5.08,40.93,17.31,25.93,10.97,32.95,13.94,98.63,41.72,19.5,8.25,,,,,,,,,30.14,12.75,11.01,4.66,,,0,0,49.79,21.06,,,15.79,6.68,,,74.46,31.5,,,50.53,21.38,26.15,11.06,0,0,,,3.62,1.53,31.62,13.38,21.84,9.24,24.82,10.5
182,11.86,1000,120,11.52,500,60,9.87,250,12,12.02,1000,36,11.02,500,12,9.02,250,3,13.56,5.76,2638.13,1121.24,716.38,304.47,5.6259,47.27,20.09,,,,,11.1,4.72,7.94,3.38,5.89,2.5,6.7,2.85,22.22,9.44,,,10.26,4.36,,,3.16,1.34,,,12.91,5.49,39.26,16.69,24.56,10.44,32.35,13.75,94.87,40.32,23.53,10,,,,,,,,,30.76,13.07,10.51,4.47,,,0,0,50.29,21.37,,,16.01,6.8,,,84.7,36,,,48.82,20.75,26.4,11.22,0,0,,,3.5,1.49,29.73,12.64,22.83,9.7,24.12,10.25
183,11.66,1000,120,11.28,500,60,9.51,250,12,11.49,1000,36,10.49,500,12,8.49,250,3,14.08,6,2604.87,1109.18,763.39,325.06,6.4668,44.74,19.05,,,,,11.12,4.73,7.93,3.38,6.45,2.75,7.05,3,21.92,9.33,,,10.76,4.58,,,3.5,1.49,,,12.95,5.51,39.48,16.81,23.72,10.1,34.2,14.56,101.28,43.13,21.43,9.13,,,,,,,,,33.65,14.33,10.79,4.59,,,0,0,51.9,22.1,,,15.76,6.71,,,89.83,38.25,,,50.2,21.38,27.74,11.81,0,0,,,3.46,1.47,28.73,12.23,21.75,9.26,24.29,10.34
184,11.27,1000,120,10.81,500,60,8.89,250,12,10.92,1000,36,9.92,500,12,7.92,250,3,13.95,5.95,2561.62,1092.8,741.9,316.5,5.4229,47.1,20.09,,,,,11.94,5.09,7.91,3.38,6.14,2.62,6.42,2.74,10.55,4.5,,,10.94,4.67,,,3.35,1.43,,,13.35,5.69,32.52,13.88,21.73,9.27,33.84,14.44,110.95,47.33,19.34,8.25,,,,,,,,,33.59,14.33,11.65,4.97,,,0,0,51.68,22.05,,,15.8,6.74,,,81.46,34.75,,,50.69,21.63,28.93,12.34,0,0,,,3.75,1.6,29.04,12.39,20.97,8.94,22.56,9.63
185,10.28,1000,120,9.68,500,60,7.98,250,12,10.44,1000,36,9.44,500,12,7.44,250,3,13.27,5.67,2709.68,1159.2,739.58,316.39,4.389,50.3,21.52,,,,,14.32,6.13,9.06,3.88,6.57,2.81,7.24,3.1,10.39,4.44,,,13.64,5.83,,,3.51,1.5,,,14.38,6.15,31.12,13.31,22.91,9.8,36.67,15.69,106.54,45.58,18.99,8.13,,,,,,,,,33.49,14.33,12.02,5.14,,,0,0,55.42,23.71,,,16.56,7.08,,,90,38.5,,,53.18,22.75,27.03,11.56,0,0,,,3.71,1.59,29.25,12.51,22.16,9.48,21.91,9.38
186,10.19,1000,120,9.58,500,60,7.72,250,12,10.64,1000,36,9.64,500,12,7.64,250,3,12.77,5.47,2749.54,1178.44,741.07,317.62,4.8636,53.92,23.11,,,,,14.8,6.34,9.33,4,7.31,3.13,7.64,3.27,11.15,4.78,,,12.44,5.33,,,3.72,1.6,,,15.39,6.6,30.48,13.06,24.18,10.36,37.62,16.13,115.34,49.44,18.08,7.75,,,,,,,,,35.46,15.2,12.65,5.42,,,0,0,57.85,24.8,,,16.09,6.9,,,98.58,42.25,,,54.83,23.5,27.34,11.72,0,0,,,4.01,1.72,28.19,12.08,23.2,9.94,22.75,9.75
187,10.51,1000,120,9.95,500,60,8.12,250,12,10.81,1000,36,9.81,500,12,7.81,250,3,12.23,5.25,2737.81,1175.59,768.46,329.97,5.278,55.1,23.66,,,,,13.75,5.91,11.06,4.75,6.62,2.84,6.8,2.92,12.29,5.28,,,11.64,5,,,3.69,1.59,,,14.2,6.1,34.93,15,25.89,11.12,36.83,15.81,117.58,50.49,19.5,8.38,,,,,,,,,32.99,14.16,12.01,5.16,15.32,6.58,0,0,55.81,23.97,,,17.94,7.7,,,105.96,45.5,,,53.86,23.13,26.93,11.56,0,0,,,4.28,1.84,29.5,12.67,25.23,10.83,23.36,10.03
188,10.28,1000,120,9.74,500,60,8.03,250,12,10.93,1000,36,9.93,500,12,7.93,250,3,11.91,5.12,2688.74,1156.66,750.3,322.77,4.4165,52.83,22.73,,,,,13.58,5.84,10.17,4.38,6.59,2.83,6.78,2.92,12.53,5.39,,,10.85,4.67,,,3.82,1.64,,,14.46,6.22,31.96,13.75,25.58,11,37.05,15.94,110.84,47.68,16.85,7.25,,,,,,,,,33.05,14.22,11.11,4.78,15.11,6.5,0,0,56.07,24.12,,,17.48,7.52,,,111.58,48,,,50.56,21.75,26.81,11.53,0,0,,,4.35,1.87,28.51,12.27,25.31,10.89,22.19,9.55
189,10.29,1000,120,9.69,500,60,7.94,250,12,10.88,1000,36,9.88,500,12,7.88,250,3,11.89,5.13,2614.67,1128.96,754.71,325.87,4.6052,50.98,22.01,,,,,12.01,5.19,9.99,4.31,6.48,2.8,7.36,3.18,11.07,4.78,,,10.68,4.61,,,3.67,1.59,,,13.9,6,30.11,13,23.74,10.25,34.74,15,116.93,50.49,15.05,6.5,,,,,,,,,31.8,13.73,10.17,4.39,15.05,6.5,0,0,51.42,22.2,,,18.2,7.86,,,110.59,47.75,,,48.06,20.75,26.63,11.5,0,0,,,4.05,1.75,26.48,11.43,23.35,10.08,22,9.5
190,9.98,1000,120,9.45,500,60,7.91,250,12,10.81,1000,36,9.81,500,12,7.81,250,3,12.18,5.28,2694.82,1168.93,749.71,325.2,5.3788,51.13,22.18,,,,,13.8,5.98,9.22,4,7.04,3.05,7.32,3.18,12.04,5.22,,,10.89,4.72,,,3.75,1.63,,,15.11,6.56,27.09,11.75,21.55,9.35,34.87,15.13,127.71,55.4,17,7.38,,,,,,,,,34.66,15.04,11.27,4.89,15.71,6.81,0,0,53.82,23.34,,,15.76,6.83,,,104.32,45.25,,,52.16,22.63,29.68,12.88,0,0,,,3.98,1.73,25.22,10.94,23.5,10.19,22.37,9.7
191,9.59,1000,120,9.07,500,60,7.85,250,12,10.8,1000,36,9.8,500,12,7.8,250,3,11.45,4.99,2827.62,1232.16,738.05,321.61,4.4745,60.47,26.35,,,,,14.63,6.38,9.32,4.06,7.59,3.31,7.07,3.08,13.9,6.06,,,10.96,4.78,,,4.05,1.76,,,16,6.97,31.7,13.81,24.91,10.85,35.57,15.5,134.37,58.55,19.79,8.63,,,,,,,,,33.88,14.76,12.05,5.25,15.49,6.75,0,0,61.55,26.82,,,15.04,6.56,,,110.15,48,,,51.92,22.63,30.12,13.13,0,0,,,4.27,1.86,27.23,11.87,24.86,10.83,24.31,10.59
192,9,1000,120,8.49,500,60,7.6,250,12,10.82,1000,36,9.82,500,12,7.82,250,3,12.36,5.4,2939.66,1285.66,790.78,345.85,4.028,60.25,26.35,,,,,14.08,6.16,10.58,4.63,7.91,3.46,7.18,3.14,13.72,6,,,11.43,5,,,4.31,1.89,,,16.13,7.06,33.15,14.5,26.89,11.76,34.15,14.94,129.87,56.8,17.72,7.75,,,,,,,,,35.38,15.47,12.65,5.53,15.54,6.8,0,0,56.7,24.8,,,14.99,6.56,,,109.18,47.75,,,54.02,23.63,28.51,12.47,0,0,,,4.34,1.9,28.82,12.6,26.42,11.56,25.83,11.3
193,9.08,1000,120,8.53,500,60,7.57,250,12,10.69,1000,36,9.69,500,12,7.69,250,3,12.21,5.33,2958.1,1291.37,775.62,338.6,4.4663,62.75,27.39,,,,,15.18,6.63,11.17,4.88,8.67,3.78,7.14,3.12,16.8,7.33,,,10.94,4.78,,,4.33,1.89,,,15.91,6.94,32.21,14.06,27.11,11.83,29.92,13.06,126.09,55.05,20.04,8.75,,,,,,,,,37.69,16.45,11.99,5.23,14.6,6.38,0,0,62.74,27.39,,,13.24,5.78,,,111.67,48.75,,,57.27,25,26.77,11.69,0,0,,,3.97,1.73,28.38,12.39,24.31,10.61,25.41,11.09
194,8.13,1000,120,7.91,500,60,7.43,250,12,10.24,1000,36,9.24,500,12,7.24,250,3,12.19,5.29,3184.31,1382.52,796.1,345.64,4.9038,71.82,31.18,,,,,15.98,6.94,11.23,4.88,8.87,3.85,8.15,3.54,19.07,8.28,,,11.26,4.89,,,4.49,1.95,,,17.72,7.69,36.71,15.94,30.47,13.23,31.09,13.5,128.4,55.75,26.2,11.38,,,,,,,,,39.9,17.32,14.79,6.42,15.08,6.55,0,0,71.57,31.07,,,13.74,5.96,,,123.8,53.75,,,61.32,26.63,29.08,12.63,0,0,,,5.13,2.23,33.15,14.39,27.38,11.89,28.32,12.3
195,7.37,1000,120,7.18,500,60,6.7,250,12,9.6,1000,36,8.6,500,12,6.6,250,3,12.55,5.43,3321.41,1436.76,787.63,340.71,4.422,67.51,29.21,,,,,17.63,7.63,11.41,4.94,9.34,4.04,8.84,3.82,20.93,9.06,,,12.46,5.39,,,5.58,2.41,,,18.81,8.14,32.94,14.25,31.19,13.49,32.94,14.25,144.27,62.41,23.41,10.13,,,,,,,,,42.19,18.25,14.3,6.19,16.18,7,0,0,72.91,31.54,,,12.78,5.53,,,128.3,55.5,,,64.73,28,25.5,11.03,0,0,,,5.06,2.19,35.19,15.22,29.09,12.58,30.63,13.25
196,7.45,1000,120,7.2,500,60,6.55,250,12,9.65,1000,36,8.65,500,12,6.65,250,3,12.32,5.34,3302.27,1432.42,789.57,342.49,4.192,60.75,26.35,,,,,17.43,7.56,11.24,4.88,8.29,3.6,8.29,3.6,12.68,5.5,,,11.65,5.06,,,5.53,2.4,,,16.01,6.94,32.56,14.13,31.63,13.72,33.57,14.56,140.64,61.01,22.77,9.88,,,,,,,,,40.32,17.49,15.35,6.66,16.14,7,0,0,66.73,28.95,,,11.46,4.97,,,122.18,53,,,59.36,25.75,25.07,10.88,0,0,,,5.42,2.35,32.47,14.08,28.82,12.5,30.11,13.06
197,8.05,1000,120,7.82,500,60,6.88,250,12,9.73,1000,36,8.73,500,12,6.73,250,3,12.06,5.25,3450.24,1502.1,787.05,342.65,4.6784,62.04,27.01,,,,,22.18,9.66,11.2,4.88,8.85,3.85,9.11,3.96,12.63,5.5,,,12,5.22,,,5.97,2.6,,,16.94,7.38,30.58,13.31,32.72,14.25,32.88,14.31,154.62,67.32,22.68,9.88,,,,,,,,,42.67,18.58,15.76,6.86,17.01,7.41,0,0,71.02,30.92,,,12.2,5.31,,,126.91,55.25,,,60.01,26.13,26.49,11.53,0,0,,,5.74,2.5,34.4,14.98,29.73,12.94,30.33,13.2
198,7.37,1000,120,7.23,500,60,6.39,250,12,9.37,1000,36,8.37,500,12,6.37,250,3,11.46,4.99,3510.68,1529.81,800.17,348.68,3.5145,56.31,24.54,,,,,11.83,5.16,12.05,5.25,8.59,3.74,9.85,4.29,18.36,8,,,13.51,5.89,,,6.95,3.03,,,16.19,7.06,23.38,10.19,27.59,12.02,31.84,13.88,162.53,70.82,22.37,9.75,,,,,,,,,45.01,19.61,15.56,6.78,17.39,7.58,0,0,72.38,31.54,,,11.91,5.19,,,127.36,55.5,,,60.81,26.5,25.82,11.25,0,0,,,6.1,2.66,35.57,15.5,32.13,14,32.77,14.28
199,7.34,1000,120,7.02,500,60,6.15,250,12,8.92,1000,36,7.92,500,12,5.92,250,3,11.44,4.99,3279.83,1430.52,865.19,377.36,3.8745,53.87,23.5,,,,,11.54,5.03,11.18,4.88,8.69,3.79,10.3,4.49,15.16,6.61,,,13.12,5.72,,,6.48,2.83,,,15.6,6.81,17.91,7.81,25.92,11.31,31.38,13.69,191.32,83.45,23.21,10.13,,,,,,,,,48.21,21.03,13.61,5.94,17.34,7.56,0,0,76.6,33.41,,,9.12,3.98,,,118.65,51.75,,,68.21,29.75,23.93,10.44,0,0,,,5.79,2.52,36.11,15.75,30.12,13.14,31.81,13.88
200,6.95,1000,120,6.4,500,60,5.52,250,12,8.71,1000,36,7.71,500,12,5.71,250,3,10.97,4.8,3510.17,1536.57,955,418.05,3.312,57.19,25.03,,,,,14.21,6.22,11.14,4.88,10.19,4.46,10.27,4.49,13.96,6.11,,,12.18,5.33,,,6.2,2.71,,,15.71,6.88,21.84,9.56,28.58,12.51,32.12,14.06,187.42,82.04,30.27,13.25,,,,,,,,,49.28,21.57,14.56,6.38,19.7,8.63,0,0,82.6,36.16,,,10.72,4.69,,,95.37,41.75,,,70.25,30.75,27.7,12.13,0,0,,,5.93,2.59,38.65,16.92,30.9,13.53,32.12,14.06
201,7.41,1000,120,6.93,500,60,5.82,250,12,8.69,1000,36,7.69,500,12,5.69,250,3,11.13,4.88,3247.52,1424.18,964.85,423.13,3.3756,51.45,22.56,,,,,11.33,4.97,11.12,4.88,8.65,3.79,9.29,4.07,12.29,5.39,,,12.41,5.44,,,5.36,2.35,,,13.71,6.01,18.1,7.94,25.78,11.31,30.78,13.5,163.1,71.52,41.9,18.38,,,,,,,,,45.22,19.83,12.9,5.66,19.17,8.41,0,0,77.48,33.98,,,13.25,5.81,,,79.81,35,,,61.85,27.13,27.15,11.91,0,0,,,5.49,2.41,38.65,16.95,27.05,11.86,28.79,12.63
202,7.34,1000,120,6.76,500,60,5.73,250,12,8.76,1000,36,7.76,500,12,5.76,250,3,11.37,5,3379.52,1484.76,905.2,397.69,2.9223,54.73,24.04,,,56.33,24.75,13.16,5.78,11.1,4.88,9.49,4.17,10.33,4.54,13.02,5.72,,,12.27,5.39,,,5.54,2.43,10.46,4.59,13.97,6.14,16.08,7.06,25.05,11,30.44,13.38,167.59,73.63,33.57,14.75,,,,,,,,,47.24,20.76,12.52,5.5,19.28,8.47,0,0,83.12,36.52,,,14.57,6.4,,,82.51,36.25,,,67.15,29.5,27.31,12,0,0,,,5.19,2.28,40.26,17.69,26.87,11.81,31.3,13.75
203,7.18,1000,120,6.69,500,60,5.82,250,12,9.04,1000,36,8.04,500,12,6.04,250,3,11.42,5.04,3414.56,1505.59,886.3,390.8,3.5502,59.14,26.08,,,48.76,21.5,13.25,5.84,10.35,4.56,9.94,4.38,10.43,4.6,12.03,5.31,,,11.84,5.22,,,5.98,2.64,10.42,4.59,13.73,6.06,17.29,7.63,26.07,11.49,30.19,13.31,157.44,69.42,34.59,15.25,,,,,,,,,47.81,21.08,12.47,5.5,19.38,8.55,0,0,79.88,35.22,,,11.91,5.25,,,86.18,38,,,66.05,29.13,28.07,12.38,0,0,,,5.37,2.37,42.22,18.61,25.7,11.33,31.54,13.91
204,7.23,1000,120,6.81,500,60,5.95,250,12,8.87,1000,36,7.87,500,12,5.87,250,3,11.14,4.94,3305.31,1465.31,920.98,408.29,4.046,60.18,26.68,,,46.81,20.75,11.91,5.28,10.15,4.5,8.8,3.9,9.99,4.43,13.85,6.14,,,11.15,4.94,,,5.95,2.64,10.92,4.84,13.82,6.13,15.23,6.75,24.4,10.82,30.31,13.44,151.85,67.32,30.45,13.5,,,,,,,,,44.61,19.78,12.83,5.69,20.16,8.94,0,0,78.99,35.02,,,12.05,5.34,,,73.87,32.75,,,62.31,27.63,27.91,12.38,0,0,,,5.04,2.23,42.27,18.74,26.07,11.56,32.99,14.63
205,7.18,1000,120,6.71,500,60,5.93,250,12,9.1,1000,36,8.1,500,12,6.1,250,3,11.24,5,3710.11,1650.67,901.35,401.02,3.7952,67.86,30.19,,,53.66,23.88,12.92,5.75,9.27,4.13,8.89,3.96,11.18,4.97,14.24,6.33,,,12.11,5.39,,,6.91,3.07,12.68,5.64,14.86,6.61,19.25,8.56,30.33,13.49,33.01,14.69,176.52,78.54,27.25,12.13,,,,,,,,,50.08,22.28,13.2,5.88,23.04,10.25,0,0,89.31,39.74,,,12.78,5.69,,,77.54,34.5,,,70.24,31.25,31.4,13.97,0,0,,,5.65,2.52,50.77,22.59,25.1,11.17,36.52,16.25
206,7.19,1000,120,6.71,500,60,5.9,250,12,9.17,1000,36,8.17,500,12,6.17,250,3,10.82,4.83,3836.59,1713.05,916.54,409.24,3.835,72.29,32.28,,,59.49,26.56,14.84,6.63,9.66,4.31,9.1,4.06,11.77,5.26,16.18,7.22,,,12.07,5.39,,,7.74,3.46,13.74,6.14,16.36,7.31,24.36,10.88,33.43,14.92,34.71,15.5,175.89,78.54,30.79,13.75,,,,,,,,,46.12,20.59,14,6.25,21.84,9.75,0,0,97.94,43.73,,,13.29,5.93,,,78.39,35,,,65.79,29.38,30.79,13.75,0,0,,,5.81,2.59,49.56,22.13,26.94,12.03,35.55,15.88
207,7.59,1000,120,7.12,500,60,6.21,250,12,9.52,1000,36,8.52,500,12,6.52,250,3,11.14,5,3914.58,1755.66,979.46,439.28,3.7881,73.56,32.99,,,60.2,27,15.12,6.78,10.31,4.63,9.18,4.12,11.58,5.19,16.23,7.28,,,14.12,6.33,,,7.44,3.34,13.2,5.92,15.05,6.75,21.6,9.69,35.8,16.06,36.09,16.19,170.42,76.43,27.31,12.25,,,9.63,4.32,,,,,45.07,20.21,13.94,6.25,23.76,10.66,0,0,88.37,39.63,,,15.38,6.9,21.72,9.74,78.6,35.25,,,62.43,28,39.16,17.56,0,0,,,5.45,2.45,57.86,25.95,25.7,11.53,35.54,15.94
208,8.39,1000,120,7.98,500,60,6.78,250,12,9.99,1000,36,8.99,500,12,6.99,250,3,11.94,5.37,3824.24,1719.71,1022.82,459.95,4.0002,76.18,34.26,,,73.38,33,15.29,6.88,10.84,4.88,9.27,4.17,10.37,4.66,16.31,7.33,,,13.96,6.28,,,7.39,3.32,13.78,6.2,14.76,6.64,24.6,11.06,39.89,17.94,34.33,15.44,163.73,73.63,26.96,12.13,,,9.56,4.3,,,,,43.01,19.34,13.13,5.91,23.91,10.75,0,0,80.29,36.1,,,15.61,7.02,19.87,8.94,73.38,33,,,61.71,27.75,41.07,18.47,0,0,,,5.7,2.56,53.8,24.19,21.99,9.89,35.44,15.94
209,8.45,1000,120,8.08,500,60,6.88,250,12,9.94,1000,36,8.94,500,12,6.94,250,3,12.17,5.5,3827.05,1728.59,995.54,449.66,3.9904,74.5,33.65,,,74.72,33.75,17.99,8.13,10.52,4.75,10.12,4.57,12.52,5.66,15.22,6.88,,,13.53,6.11,,,7.53,3.4,12.56,5.67,14.7,6.64,24.08,10.88,38.13,17.22,34.45,15.56,164.56,74.33,22.69,10.25,,,9.73,4.4,,,,,42.7,19.29,13.01,5.88,24.22,10.94,0,0,74.42,33.62,,,16.65,7.52,20.76,9.38,68.08,30.75,,,59.5,26.88,40.89,18.47,0,0,,,5.88,2.66,50.76,22.93,22.26,10.06,35.67,16.11
210,8.36,1000,120,7.96,500,60,6.69,250,12,9.7,1000,36,8.7,500,12,6.7,250,3,11.84,5.36,3981.34,1803.03,996.18,451.14,3.4119,74.55,33.76,,,74.52,33.75,19.46,8.81,9.52,4.31,11.57,5.24,12.66,5.73,13.62,6.17,,,13.43,6.08,,,7.6,3.44,13.14,5.95,15.52,7.03,20.84,9.44,35.95,16.28,35.05,15.88,174.19,78.89,23.74,10.75,,,10.01,4.53,,,,,42.95,19.45,14.28,6.47,25.64,11.61,0,0,75.83,34.34,,,17.15,7.77,21.53,9.75,76.73,34.75,,,60.72,27.5,41.4,18.75,0,0,,,6.56,2.97,52.54,23.79,23,10.42,39.13,17.72
211,8.66,1000,120,8.21,500,60,6.89,250,12,9.75,1000,36,8.75,500,12,6.75,250,3,11.56,5.26,4152.68,1888.89,1012.75,460.66,4.134,70.97,32.28,,,83.13,37.81,20.89,9.5,9.21,4.19,11.99,5.45,12.97,5.9,13.74,6.25,,,14.66,6.67,,,7.83,3.56,14.24,6.48,15.24,6.93,19.37,8.81,38.36,17.45,33.53,15.25,191.16,86.95,27.48,12.5,,,10.83,4.93,,,,,42.04,19.12,13.53,6.16,25.66,11.67,0,0,83.94,38.18,,,21.11,9.6,20.61,9.38,73.1,33.25,,,60.46,27.5,40.6,18.47,0,0,,,6.01,2.73,52.31,23.79,25.4,11.56,40.47,18.41
212,9.05,1000,120,8.57,500,60,7.3,250,12,10.37,1000,36,9.37,500,12,7.37,250,3,11.05,5.04,4197.75,1916.07,1008.28,460.23,4.745,76.97,35.13,,,76.68,35,19.72,9,9.17,4.19,12.72,5.81,13.24,6.04,14.97,6.83,,,15.34,7,,,7.78,3.55,14.73,6.72,16.07,7.33,23.96,10.94,43.76,19.97,34.64,15.81,180.51,82.39,27.11,12.38,,,11.48,5.24,,,,,43.92,20.05,14.79,6.75,27.35,12.48,0,0,84.55,38.6,,,20.42,9.32,21.84,9.97,68.46,31.25,,,59.97,27.38,41.35,18.88,0,0,,,6.23,2.84,57.25,26.13,25.68,11.72,43.82,20
213,9.66,1000,120,9.22,500,60,7.94,250,12,11.02,1000,36,10.02,500,12,8.02,250,3,11.9,5.45,4227.46,1934.68,1017.58,465.69,4.4464,75.69,34.64,,,78.39,35.88,15.16,6.94,9.56,4.38,12.94,5.92,13.09,5.99,15.66,7.17,,,14.39,6.58,,,7.22,3.3,15.36,7.03,15.9,7.28,24.17,11.06,46.03,21.07,32.91,15.06,186.93,85.55,32.78,15,,,11.2,5.13,,,,,43.69,19.99,13.38,6.13,26.84,12.28,0,0,80.71,36.94,,,20.37,9.32,24.04,11,69.92,32,,,60.36,27.63,40.15,18.38,0,0,,,6.06,2.77,55.89,25.58,24.7,11.31,44.59,20.41
214,8.88,1000,120,8.37,500,60,6.75,250,12,10.24,1000,36,9.24,500,12,7.24,250,3,11.75,5.4,3241.85,1488.78,1019.1,468.01,4.05,53.08,24.37,,,53.89,24.75,11.7,5.38,7.62,3.5,9.84,4.52,10.85,4.98,11.98,5.5,,,11.79,5.42,,,6.35,2.92,13.29,6.11,13.19,6.06,13.61,6.25,31.19,14.32,30.08,13.81,142,65.21,14.15,6.5,,,8.8,4.04,,,,,45.43,20.87,9.93,4.56,23,10.56,0,0,51.06,23.45,,,14.34,6.59,21.37,9.81,53.35,24.5,,,59.34,27.25,30.62,14.06,0,0,,,4.27,1.96,39.73,18.24,18.39,8.44,33,15.16
215,9.01,1000,120,8.44,500,60,7.05,250,12,10.66,1000,36,9.66,500,12,7.66,250,3,13.33,6.13,2999.5,1379.87,1058.05,486.74,4.8645,50,23,,,53.39,24.56,9.92,4.56,7.88,3.63,9.15,4.21,9.94,4.57,10.69,4.92,,,11.41,5.25,,,5.4,2.48,11.46,5.27,11.5,5.29,10.19,4.69,27.36,12.59,30.02,13.81,135.66,62.41,13.59,6.25,,,7.61,3.5,,,,,40.97,18.85,9.51,4.38,20.24,9.31,0,0,46.46,21.37,,,15.8,7.27,18.54,8.53,46.19,21.25,,,55.16,25.38,28.94,13.31,0,0,,,4.11,1.89,39.93,18.37,16.79,7.72,32.61,15
216,8.83,1000,120,8.33,500,60,7.1,250,12,9.92,1000,36,8.92,500,12,6.92,250,3,13.28,6.13,3166.23,1461.61,1030.9,475.89,4.047,54.82,25.31,,,64.18,29.63,11.1,5.13,8.12,3.75,10.21,4.71,10.97,5.06,9.39,4.33,,,11.73,5.42,,,5.77,2.67,12.09,5.58,10.77,4.97,10.43,4.81,32.33,14.92,30.87,14.25,151.9,70.12,19.5,9,,,7.94,3.67,,,,,40.6,18.74,9.34,4.31,20.92,9.66,0,0,44.05,20.33,,,16.02,7.39,18.21,8.41,48.74,22.5,,,56.05,25.88,30.67,14.16,0,0,,,4.77,2.2,45.4,20.96,18.05,8.33,33.98,15.69
217,8.26,1000,120,7.78,500,60,6.68,250,12,9.6,1000,36,8.6,500,12,6.6,250,3,13.15,6.08,3277.38,1515.53,954.8,441.52,3.5404,52.24,24.15,,,63.79,29.5,11.62,5.38,7.84,3.63,9.59,4.43,11.25,5.2,8.92,4.13,,,12.43,5.75,,,5.89,2.72,13.14,6.07,12.43,5.75,10.54,4.88,27.87,12.89,31.63,14.63,169.84,78.54,18.38,8.5,,,8.18,3.78,,,,,46.18,21.36,11.35,5.25,22.71,10.5,0,0,51.6,23.86,,,16.46,7.61,20.95,9.69,48.66,22.5,,,64.34,29.75,30.01,13.88,0,0,,,4.31,1.99,42.25,19.54,21.99,10.17,32.78,15.16
218,8.15,1000,120,7.61,500,60,6.61,250,12,9.63,1000,36,8.63,500,12,6.63,250,3,13.84,6.42,3425.17,1587.96,956.89,443.63,4.2965,53.76,24.92,,,63.63,29.5,13.21,6.13,8.63,4,10.05,4.66,11.25,5.22,9.08,4.21,,,13.48,6.25,,,6.29,2.92,13.23,6.14,11.5,5.33,12.94,6,30.73,14.25,33.43,15.5,172.43,79.94,19.41,9,,,8.16,3.78,,,,,43.6,20.21,11.86,5.5,22.92,10.63,0,0,55.27,25.63,,,17.76,8.23,20.42,9.47,54.46,25.25,,,61.2,28.38,28.71,13.31,0,0,,,4.43,2.05,47.6,22.07,22.77,10.56,31.95,14.81
219,8.57,1000,120,8.04,500,60,6.76,250,12,9.92,1000,36,8.92,500,12,6.92,250,3,14.01,6.54,3323.56,1550.11,968.31,451.62,4.2588,49.91,23.28,,,67.27,31.38,12.86,6,8.84,4.13,9.75,4.55,10.55,4.92,9.2,4.29,,,13.04,6.08,,,5.61,2.62,12.03,5.61,11.17,5.21,11.79,5.5,28.28,13.19,32.97,15.38,169.89,79.24,19.56,9.13,,,7.17,3.34,,,,,41.35,19.29,10.65,4.97,22.45,10.47,0,0,53.39,24.9,,,15.19,7.08,19.5,9.09,60.57,28.25,,,57.62,26.88,31.56,14.72,0,0,,,4.3,2.01,43.35,20.22,22.16,10.33,30.62,14.28
220,8.87,1000,120,8.33,500,60,7.14,250,12,10.24,1000,36,9.24,500,12,7.24,250,3,14.9,6.97,3343.79,1563.54,964.81,451.14,3.927,50.6,23.66,,,67.23,31.44,13.3,6.22,9.62,4.5,10.86,5.08,10.44,4.88,10.6,4.96,,,12.83,6,,,5.57,2.6,11.54,5.4,10.66,4.99,15.1,7.06,30.95,14.47,33.28,15.56,185.95,86.95,16.04,7.5,,,7.17,3.35,,,,,40.89,19.12,11.09,5.19,24.06,11.25,0,0,45.04,21.06,,,16.94,7.92,18.98,8.88,65.23,30.5,,,57.21,26.75,33.22,15.53,0,0,,,4.18,1.95,45.61,21.33,22.93,10.72,31.88,14.91
221,9.03,1000,120,8.57,500,60,7.58,250,12,10.51,1000,36,9.51,500,12,7.51,250,3,17.07,8.02,3385.23,1589.65,960.17,450.88,3.79,47.93,22.51,,,67.35,31.63,12.64,5.94,9.98,4.69,10.34,4.85,10.42,4.89,12.16,5.71,,,12.6,5.92,,,5.59,2.62,11.03,5.18,11,5.17,15.97,7.5,30.66,14.4,32.87,15.44,185.17,86.95,17.83,8.38,,,7.45,3.5,,,,,42.23,19.83,11.51,5.41,23.69,11.13,0,0,42.86,20.13,,,16.8,7.89,20.43,9.59,62.82,29.5,,,60.43,28.38,31.34,14.72,0,0,,,3.79,1.78,44.89,21.08,26.03,12.22,32.87,15.44
222,8.77,1000,120,8.38,500,60,7.49,250,12,10.94,1000,36,9.94,500,12,7.94,250,3,21.03,9.91,3445.84,1624.97,927.87,437.56,3.8199,51.22,24.15,,,68.65,32.38,15.37,7.25,10.74,5.06,9.52,4.49,10.11,4.77,13.61,6.42,,,12.02,5.67,,,5.32,2.51,10.72,5.06,11.02,5.19,17.49,8.25,34.53,16.28,32.47,15.31,173.98,82.04,16.96,8,,,7.8,3.68,,,,,42.28,19.94,12.99,6.13,23.92,11.28,10.07,4.75,47.3,22.31,,,16.87,7.95,20.68,9.75,72.1,34,,,60.97,28.75,27.57,13,0,0,,,3.74,1.77,50.45,23.79,27.69,13.06,35.25,16.63
223,9.07,1000,120,8.7,500,60,7.89,250,12,11.35,1000,36,10.35,500,12,8.35,250,3,17.39,8.23,3427.79,1623.28,910.5,431.18,5.2074,49.85,23.61,,,65.46,31,14.91,7.06,11.75,5.56,9.66,4.57,10.44,4.95,13.2,6.25,,,11.79,5.58,,,5.38,2.55,10.42,4.93,10.79,5.11,14.12,6.69,30.56,14.47,32.33,15.31,185.09,87.65,16.37,7.75,,,7.48,3.54,,,,,42.22,19.99,12.67,6,24.88,11.78,8.45,4,43.6,20.65,,,16.07,7.61,20.26,9.59,69.16,32.75,,,60.18,28.5,28.51,13.5,0,0,,,3.93,1.86,47.25,22.37,28.39,13.44,33.72,15.97
224,9.25,1000,120,8.95,500,60,8.24,250,12,11.23,1000,36,10.23,500,12,8.23,250,3,18.54,8.81,3261.36,1550.95,866.4,412.02,4.3672,49.41,23.5,,,62.43,29.69,15.25,7.25,11.43,5.44,9.11,4.33,10.81,5.14,11.92,5.67,,,11.74,5.58,,,5.49,2.61,10.57,5.03,11.48,5.46,11.83,5.63,26.63,12.66,31.15,14.81,176.94,84.15,16.82,8,,,7.03,3.34,,,,,40.1,19.07,14.06,6.69,24.31,11.56,5.78,2.75,49.96,23.76,,,14.7,6.99,19.85,9.44,62.03,29.5,,,57.04,27.13,25.76,12.25,0,0,,,3.94,1.88,46.27,22,27.45,13.06,31.54,15
225,8.87,1000,120,8.61,500,60,8.13,250,12,11.36,1000,36,10.36,500,12,8.36,250,3,17.04,8.13,3403.18,1623.81,853.28,407.14,5.2845,52.69,25.14,33.81,16.13,60.52,28.88,15.98,7.63,11.26,5.38,9.63,4.6,11.04,5.27,11.88,5.67,,,12.05,5.75,,,5.7,2.72,9.24,4.41,12.6,6.01,10.22,4.88,27.65,13.19,31.44,15,180.76,86.25,20.7,9.88,60.45,28.84,7.64,3.65,,,,,41.67,19.88,14.93,7.13,23.58,11.25,5.76,2.75,50.66,24.17,,,14.78,7.05,21.09,10.06,64.45,30.75,,,57.9,27.63,26.46,12.63,0,0,,,3.91,1.87,46.5,22.19,29.63,14.14,34.06,16.25
226,8.68,1000,120,8.38,500,60,8.05,250,12,11.78,1000,36,10.78,500,12,8.78,250,3,16.51,7.9,3467.16,1659.86,878.31,420.48,4.186,54.12,25.91,34.58,16.55,54.18,25.94,15.8,7.56,10.71,5.13,10.34,4.95,11.63,5.57,11.58,5.54,,,12.36,5.92,,,5.61,2.69,9.34,4.47,11.75,5.63,9.53,4.56,24.17,11.57,32.9,15.75,188.95,90.46,24.02,11.5,64.17,30.72,7.59,3.64,,,,,43.01,20.59,14.82,7.09,23.3,11.16,6.27,3,49.84,23.86,,,14.41,6.9,21.61,10.34,56.92,27.25,,,58.75,28.13,27.15,13,0,0,,,3.92,1.88,46.86,22.44,30.11,14.42,31.72,15.19
227,9.01,1000,120,8.88,500,60,8.66,250,12,12.25,1000,36,11.25,500,12,9.25,250,3,15.78,7.58,3376.21,1621.69,872.15,418.92,5.629,49.94,23.99,33,15.85,49.84,23.94,15.61,7.5,10.15,4.88,9.81,4.71,11.27,5.41,10.84,5.21,,,12.75,6.13,,,5.37,2.58,8.79,4.22,11.05,5.31,7.81,3.75,23.54,11.31,33.83,16.25,186.86,89.76,19,9.13,61.61,29.59,7.81,3.75,,,,,41.28,19.83,13.86,6.66,22.45,10.78,5.47,2.63,49.46,23.76,,,14.16,6.8,21.47,10.31,53.61,25.75,,,56.21,27,28.17,13.53,0,0,,,3.85,1.85,45.68,21.94,28.63,13.75,31.36,15.06
228,9.14,1000,120,9.14,500,60,9.02,250,12,12.2,1000,36,11.2,500,12,9.2,250,3,16.93,8.16,3425.64,1652.25,836.73,403.57,6.2238,53.61,25.86,33.04,15.93,53.78,25.94,15.68,7.56,10.63,5.13,10.38,5.01,11.22,5.41,11.75,5.67,,,13.3,6.42,,,5.56,2.68,9.21,4.44,10.88,5.25,9.07,4.38,26.41,12.74,32.53,15.69,190.46,91.86,18.14,8.75,64.01,30.88,7.77,3.75,,,,,41.23,19.88,14.19,6.84,23.2,11.19,5.18,2.5,37.43,18.05,,,15.2,7.33,20.99,10.13,50.8,24.5,,,56.76,27.38,27.8,13.41,0,0,,,3.66,1.77,47.16,22.74,28.1,13.56,32.46,15.66
229,8.99,1000,120,9.05,500,60,9.02,250,12,12.51,1000,36,11.51,500,12,9.51,250,3,15.86,7.67,3637.47,1760.21,800.87,387.55,6.2238,56.61,27.39,34.96,16.92,50.5,24.44,16.66,8.06,10.46,5.06,11.57,5.6,11.93,5.77,10.85,5.25,,,13.09,6.33,,,5.65,2.74,10,4.84,11.91,5.76,9.43,4.56,27.88,13.49,31.9,15.44,195.62,94.67,20.92,10.13,67.03,32.44,8.33,4.03,,,,,41.43,20.05,15.43,7.47,23.76,11.5,6.46,3.13,40.52,19.61,,,16.37,7.92,22.54,10.91,58.38,28.25,,,57.09,27.63,30.29,14.66,0,0,,,3.47,1.68,51.84,25.09,29.1,14.08,35.39,17.13
230,9.36,1000,120,9.43,500,60,9.4,250,12,13.09,1000,36,12.09,500,12,10.09,250,3,15.65,7.61,3516.77,1710.2,802.02,390.02,5.17,55.77,27.12,33.92,16.5,49.35,24,16.19,7.88,10.8,5.25,11.09,5.39,11.79,5.73,10.71,5.21,,,13.37,6.5,,,5.94,2.89,9.57,4.66,12.2,5.93,8.48,4.13,26.35,12.81,32.26,15.69,168.71,82.04,20.82,10.13,62.78,30.53,7.82,3.8,,,,,38.76,18.85,16.9,8.22,22.62,11,4.88,2.38,37.98,18.47,,,16.1,7.83,22.49,10.94,56.04,27.25,,,54.24,26.38,29.05,14.13,0,0,,,3.36,1.63,47.66,23.18,28.27,13.75,33.87,16.47
231,9.3,1000,120,9.53,500,60,9.64,250,12,12.94,1000,36,11.94,500,12,9.94,250,3,15.07,7.38,3575.02,1751.33,784.62,384.37,4.82,52.89,25.91,34.77,17.03,48.86,23.94,16.97,8.31,10.21,5,11.43,5.6,12.5,6.12,10.04,4.92,,,14.46,7.08,,,6.19,3.03,9.82,4.81,12.08,5.92,8.42,4.13,25.46,12.47,31.64,15.5,200.4,98.17,19.65,9.63,55.63,27.25,7.59,3.72,,,,,38.92,19.07,17.86,8.75,22.2,10.88,5.87,2.88,36.22,17.74,,,16.68,8.17,22.77,11.16,52.56,25.75,,,53.07,26,29.85,14.63,0,0,,,3.67,1.8,45.92,22.5,30.85,15.11,34.19,16.75
232,9.14,1000,120,9.19,500,60,9.3,250,12,12.59,1000,36,11.59,500,12,9.59,250,3,15.12,7.45,3712.11,1827.35,752.88,370.62,6.045,59.77,29.42,38.02,18.72,50.91,25.06,16.89,8.31,12.44,6.13,12.75,6.28,13.04,6.42,11.6,5.71,,,14.64,7.21,,,6.27,3.09,9.77,4.81,12.16,5.99,9.01,4.44,27.56,13.57,32.12,15.81,194.44,95.72,20.57,10.13,57.39,28.25,8.21,4.04,,,,,40.28,19.83,18.47,9.09,21.77,10.72,5.33,2.63,35.2,17.33,,,17.04,8.39,24.19,11.91,54.34,26.75,,,54.34,26.75,29.84,14.69,0,0,,,3.52,1.73,48.71,23.98,34.25,16.86,36.12,17.78
233,8.61,1000,120,8.65,500,60,8.87,250,12,12.2,1000,36,11.2,500,12,9.2,250,3,14.34,7.08,3845.95,1899.36,744.95,367.9,6.209,56.25,27.78,39.38,19.45,53.79,26.56,17.34,8.56,12.91,6.38,13.66,6.75,13.65,6.74,12.15,6,,,14.51,7.17,,,6.72,3.32,10.86,5.37,12.35,6.1,10.5,5.19,34.49,17.03,32.4,16,204.46,100.98,18.73,9.25,55.43,27.38,9.22,4.55,,,,,42.36,20.92,23.54,11.63,21.83,10.78,4.81,2.38,37.6,18.57,,,17.61,8.7,26.07,12.88,61.25,30.25,,,55.43,27.38,28.16,13.91,0,0,,,3.56,1.76,48.55,23.98,36.11,17.83,36.83,18.19
234,8.1,1000,120,8.03,500,60,8.12,250,12,11.76,1000,36,10.76,500,12,8.76,250,3,14.41,7.14,3796.68,1881.07,756.7,374.91,5.0344,55.18,27.34,39.76,19.7,52.73,26.13,16.53,8.19,16.65,8.25,13.8,6.84,13.66,6.77,12.7,6.29,,,14.63,7.25,,,6.6,3.27,10.33,5.12,12.7,6.29,9.71,4.81,32.33,16.02,33.18,16.44,222.21,110.09,16.15,8,56.39,27.94,8.81,4.36,,,,,43.76,21.68,23.34,11.56,22.45,11.13,3.78,1.88,37.06,18.36,,,17.37,8.61,25.48,12.63,62.06,30.75,,,56.26,27.88,28.38,14.06,0,0,,,3.45,1.71,45.66,22.62,32.71,16.21,36.14,17.91
235,7.74,1000,120,7.49,500,60,7.61,250,12,11.64,1000,36,10.64,500,12,8.64,250,3,11.85,5.87,4084.36,2023.6,737,365.15,3.9572,59.83,29.64,43.68,21.64,55,27.25,18.04,8.94,16.15,8,15.64,7.75,14.86,7.36,16.82,8.33,,,14.63,7.25,,,7.46,3.7,11.45,5.67,13.26,6.57,8.7,4.31,34.69,17.19,35.57,17.63,233.53,115.7,19.43,9.63,58.28,28.88,9.84,4.88,,,,,46.51,23.04,27.12,13.44,23.15,11.47,3.78,1.88,46.07,22.83,,,17.75,8.79,28.7,14.22,61.56,30.5,,,62.57,31,30.34,15.03,0,0,,,4.12,2.04,52,25.76,35.24,17.46,38.48,19.06
236,8.19,1000,120,8.18,500,60,8.23,250,12,11.78,1000,36,10.78,500,12,8.78,250,3,4.72,2.34,707.65,351.45,728.71,361.91,5.0203,59.58,29.59,44.08,21.89,54.11,26.88,20.89,10.38,16.11,8,15.39,7.64,14.3,7.1,16.44,8.17,,,14.85,7.38,,,7.15,3.55,11.61,5.77,13.87,6.89,8.56,4.25,34.83,17.3,35.87,17.81,230.14,114.3,16.11,8,58.83,29.22,9.63,4.78,,,13.25,6.58,44.54,22.12,26.11,12.97,22.02,10.94,3.52,1.75,45.12,22.41,,,17.52,8.7,27.06,13.44,55.62,27.63,,,60.15,29.88,29.13,14.47,0,0,,,4.26,2.12,57.59,28.6,36.75,18.25,39.45,19.59
237,8.31,1000,120,8.36,500,60,8.48,250,12,11.6,1000,36,10.6,500,12,8.6,250,3,4.67,2.33,698.55,348.6,735.48,367.03,5.1728,57.42,28.66,44.88,22.4,52.48,26.19,19.79,9.88,15.53,7.75,15.75,7.86,14.57,7.27,17.2,8.58,,,14.53,7.25,,,7.21,3.6,11.37,5.67,13.64,6.81,8.89,4.44,35.19,17.56,35.07,17.5,224.83,112.2,16.03,8,54.61,27.25,9.5,4.74,,,13.59,6.78,44.54,22.23,26.24,13.09,22.42,11.19,4.01,2,46.57,23.24,,,16.37,8.17,28.24,14.09,57.11,28.5,,,60.12,30,29.37,14.66,0,0,,,3.71,1.85,54.96,27.43,38.32,19.13,37.7,18.81
238,7.91,1000,120,7.86,500,60,7.86,250,12,11.39,1000,36,10.39,500,12,8.39,250,3,4.74,2.38,679.33,340.36,788.77,395.19,5.0304,51.5,25.8,46.16,23.13,44.28,22.19,18.46,9.25,14.72,7.38,14.94,7.49,14.64,7.34,14.89,7.46,,,13.72,6.88,,,7.31,3.66,11.2,5.61,14.14,7.08,7.73,3.88,33.93,17,35.93,18,216.94,108.69,13.97,7,50.02,25.06,9.21,4.61,,,13.72,6.88,45.99,23.04,23.58,11.81,23.02,11.53,3.74,1.88,47.21,23.66,,,17.11,8.57,27.69,13.88,48.9,24.5,,,61.62,30.88,28.44,14.25,0,0,,,3.66,1.84,48.96,24.53,37.42,18.75,35.68,17.88
239,7.81,1000,120,7.7,500,60,7.67,250,12,11.32,1000,36,10.32,500,12,8.32,250,3,4.75,2.38,688.42,346.01,814.24,409.25,5.369,50.35,25.31,46.3,23.27,46.13,23.19,18.65,9.38,16.17,8.13,15.88,7.98,15.49,7.79,16.66,8.38,,,14.18,7.13,20.79,10.45,7.75,3.89,12.09,6.07,14.26,7.17,7.46,3.75,35.47,17.83,38.05,19.13,237.18,119.21,13.18,6.63,48.56,24.41,10.32,5.19,,,14.18,7.13,46.28,23.26,23.38,11.75,23.56,11.84,3.98,2,48.1,24.17,,,17.12,8.61,28.23,14.19,46.26,23.25,,,61.68,31,29.28,14.72,0,0,,,3.79,1.91,50.52,25.39,39.87,20.04,38.36,19.28
240,7.93,1000,120,7.86,500,60,7.76,250,12,11.16,1000,36,10.16,500,12,8.16,250,3,4.73,2.4,691.14,350.68,809.02,410.49,4.5008,49.66,25.2,48.63,24.68,42.87,21.75,17.86,9.06,14.78,7.5,16.83,8.54,14.61,7.41,16.51,8.38,,,12.81,6.5,20.32,10.31,7.46,3.79,12.03,6.11,13,6.6,7.64,3.88,34.54,17.52,38.56,19.56,221.12,112.2,12.07,6.13,46.44,23.56,10.55,5.35,,,14.54,7.38,48.21,24.46,22.97,11.66,24.7,12.53,2.96,1.5,45.6,23.14,,,17.45,8.85,31.29,15.88,44.84,22.75,,,65.04,33,32.15,16.31,0,0,,,4.06,2.06,55.15,27.98,38.27,19.42,39.05,19.81
241,8.42,1000,120,8.35,500,60,8.09,250,12,11.22,1000,36,10.22,500,12,8.22,250,3,4.66,2.38,646.04,329.08,817.82,416.58,4.045,47.64,24.26,43.37,22.09,35.34,18,16.44,8.38,12.76,6.5,14.39,7.33,13.97,7.12,16.11,8.21,,,12.52,6.38,17.67,9,7.16,3.65,11.5,5.86,10.8,5.5,7.12,3.63,32.7,16.66,35.95,18.31,202.36,103.08,8.1,4.13,48.4,24.66,10.18,5.19,,,13.31,6.78,45.77,23.32,20.74,10.56,23.19,11.81,2.7,1.38,42.16,21.48,,,16.35,8.33,26.07,13.28,40.25,20.5,,,60.61,30.88,34.05,17.34,0,0,,,3.8,1.94,48.89,24.9,38.77,19.75,38.34,19.53
242,8.59,1000,120,8.53,500,60,8.21,250,12,11.35,1000,36,10.35,500,12,8.35,250,3,4.94,2.53,648.52,331.89,766.38,392.21,5.5828,44.19,22.62,39.48,20.21,32.85,16.81,13.31,6.81,11.48,5.88,15.23,7.8,12.95,6.62,17.91,9.17,,,13.43,6.88,16.85,8.63,7.02,3.59,11.99,6.14,10.96,5.61,8.06,4.13,36.08,18.47,35.42,18.13,192.99,98.77,9.53,4.88,50.68,25.94,10.03,5.14,,,13.16,6.73,46.63,23.86,21.56,11.03,22.84,11.69,2.93,1.5,43.18,22.1,,,17.3,8.85,26.62,13.63,42.01,21.5,,,59.35,30.38,33.34,17.06,0,0,,,3.72,1.91,48.18,24.65,41.6,21.29,39.2,20.06
243,8.65,1000,120,8.65,500,60,8.35,250,12,11.42,1000,36,10.42,500,12,8.42,250,3,5.09,2.61,664.36,340.79,729.67,374.29,4.342,47.73,24.48,40.98,21.02,35.33,18.13,15.35,7.88,11.94,6.13,16.19,8.31,14.73,7.55,18.2,9.33,,,13.4,6.88,17.34,8.9,7.21,3.7,11.78,6.04,10.99,5.64,9.02,4.63,38.79,19.9,34.24,17.56,192.29,98.64,14.38,7.38,51.84,26.59,10.46,5.36,,,13.83,7.09,46.73,23.97,19.07,9.78,22.48,11.53,4.39,2.25,44.5,22.83,,,17.26,8.85,27.54,14.13,45.81,23.5,,,58.97,30.25,31.56,16.19,0,0,,,3.81,1.95,48.9,25.09,47.03,24.13,40.02,20.53
244,9.08,1000,120,9.08,500,60,8.56,250,12,11.35,1000,36,10.35,500,12,8.35,250,3,5.54,2.85,643.88,330.8,718.34,369.05,4.28,42.53,21.85,41.14,21.13,34.43,17.69,13.99,7.19,12.41,6.38,17.16,8.82,14.63,7.52,19.06,9.79,,,12.9,6.63,17.66,9.07,7.32,3.76,9.96,5.12,9.92,5.1,8.52,4.38,39.91,20.5,31.99,16.44,183.59,94.32,11.68,6,53.28,27.38,10.42,5.35,,,13.87,7.13,44.54,22.88,18.49,9.5,22.14,11.38,3.65,1.88,45.84,23.55,,,15.84,8.14,26.76,13.75,43.8,22.5,10.95,5.63,56.93,29.25,29.32,15.06,0,0,,,3.85,1.98,47.39,24.35,46.15,23.71,38.81,19.94
245,8.44,1000,120,8.38,500,60,8.06,250,12,11.23,1000,36,10.23,500,12,8.23,250,3,5.33,2.76,698.84,361.26,681.3,352.19,4.9972,40.35,20.86,45.12,23.33,34.58,17.88,16.32,8.44,11.61,6,19.21,9.93,16.14,8.34,22,11.38,,,12.33,6.38,18.18,9.4,8.25,4.26,11.15,5.77,11.28,5.83,10.28,5.31,48.7,25.18,32.76,16.94,178.98,92.52,9.43,4.88,58.28,30.13,11.22,5.8,,,15.6,8.06,46.69,24.13,18.86,9.75,23.27,12.03,3.87,2,52.58,27.18,,,16.23,8.39,28.29,14.63,43.04,22.25,12.23,6.32,56.58,29.25,32.52,16.81,0,0,,,3.73,1.93,50.44,26.07,53.44,27.63,40.02,20.69
246,8.43,1000,120,8.35,500,60,8.05,250,12,11.1,1000,36,10.1,500,12,8.1,250,3,5.6,2.91,688.66,357.64,698.69,362.85,4.508,39.11,20.31,43.4,22.54,29.12,15.13,16.61,8.63,12.88,6.69,18.41,9.56,17.9,9.3,19.66,10.21,,,11.55,6,17.65,9.17,9.08,4.71,11.58,6.01,10.75,5.58,9.03,4.69,48.4,25.14,32.49,16.88,182.63,94.84,11.07,5.75,56.62,29.41,11.15,5.79,,,16.34,8.48,46.79,24.3,17.99,9.34,23.23,12.06,7.46,3.88,54.74,28.43,,,15.91,8.26,26.24,13.63,41.4,21.5,11.63,6.04,56.32,29.25,32.07,16.66,0,0,,,3.76,1.95,48.78,25.33,56.8,29.5,41.46,21.53
247,8.29,1000,120,8.06,500,60,7.63,250,12,10.97,1000,36,9.97,500,12,7.97,250,3,4.88,2.56,680.06,356.15,755.14,395.47,4.7306,38.37,20.09,42.29,22.15,25.3,13.25,13.84,7.25,12.59,6.59,17.81,9.33,18.15,9.5,18.78,9.83,,,10.98,5.75,16.59,8.69,9.27,4.85,12.07,6.32,10,5.24,6.56,3.44,46.78,24.5,31.27,16.38,169.96,89.01,11.7,6.13,53.41,27.97,11.38,5.96,,,16.8,8.8,48.06,25.17,17.01,8.91,24.82,13,11.22,5.88,50.91,26.66,,,16.37,8.57,25.96,13.59,44.87,23.5,11.06,5.79,57.05,29.88,35.92,18.81,0,0,,,4.03,2.11,53.08,27.8,55.14,28.88,43.2,22.63
248,8.86,1000,120,8.5,500,60,7.76,250,12,11.06,1000,36,10.06,500,12,8.06,250,3,4.46,2.35,604.43,318.71,737.4,388.82,3.9576,33.73,17.79,35.18,18.55,22.52,11.88,10.9,5.75,11.79,6.22,17.09,9.01,16.7,8.81,17.62,9.29,,,9.96,5.25,14.74,7.77,8.57,4.52,10.99,5.8,8.77,4.63,4.98,2.63,40.17,21.18,30.34,16,148.05,78.06,9.72,5.13,48.18,25.41,9.74,5.14,,,15.47,8.16,45.25,23.86,15.41,8.13,23.23,12.25,8.77,4.63,43.29,22.83,,,15.14,7.98,23.11,12.19,38.4,20.25,8.97,4.73,50.02,26.38,38.58,20.34,0,0,,,3.56,1.88,44.3,23.36,45.75,24.13,37.22,19.63
249,8.71,1000,120,8.38,500,60,7.63,250,12,11.06,1000,36,10.06,500,12,8.06,250,3,4.2,2.23,576.6,306.1,716.54,380.39,4.6543,28.75,15.26,40.13,21.3,16.25,8.63,9.65,5.13,10.95,5.81,17.25,9.16,16.01,8.5,16.48,8.75,,,8.48,4.5,13.74,7.29,8.46,4.49,11.38,6.04,8.01,4.25,4.94,2.63,36.42,19.33,28.96,15.38,122.55,65.06,8.01,4.25,50.45,26.78,8.56,4.54,,,15.07,8,45.77,24.3,10.36,5.5,23.13,12.28,9.89,5.25,32.83,17.43,,,14.22,7.55,24.78,13.16,32.49,17.25,8.24,4.38,49.68,26.38,36.85,19.56,0,0,,,3.19,1.7,40.99,21.76,39.79,21.13,36.67,19.47
250,8.57,1000,120,8.15,500,60,7.32,250,12,11.03,1000,36,10.03,500,12,8.03,250,3,4.32,2.3,571.34,303.99,717.45,381.73,4.758,24.35,12.96,44.47,23.66,14.57,7.75,8.46,4.5,10.45,5.56,16.3,8.67,16.19,8.61,16.84,8.96,,,8.46,4.5,12.04,6.41,8.6,4.57,11.82,6.29,7.02,3.74,3.64,1.94,30.6,16.28,30.31,16.13,119.49,63.58,8.93,4.75,49.51,26.34,8.09,4.3,,,15.09,8.03,52.22,27.78,8.16,4.34,23.2,12.34,10.57,5.63,28.47,15.15,,,14.6,7.77,25.55,13.59,32.42,17.25,7.48,3.98,52.86,28.13,36.3,19.31,0,0,,,3.07,1.63,43.09,22.93,41.94,22.31,37.12,19.75
251,8.26,1000,120,7.91,500,60,7.31,250,12,10.82,1000,36,9.82,500,12,7.82,250,3,4.41,2.36,592.49,316.42,707.21,377.69,4.8246,28.17,15.04,44.73,23.89,15.1,8.06,11,5.88,10.77,5.75,16.79,8.97,17.56,9.38,18.49,9.88,,,8.19,4.38,14.45,7.72,8.85,4.73,12.76,6.81,8.04,4.29,3.74,2,28.02,14.96,31.48,16.81,132.09,70.54,7.96,4.25,52.25,27.91,8.27,4.42,,,15.92,8.5,49.37,26.37,11,5.88,23.46,12.53,9.83,5.25,34.77,18.57,,,14.43,7.7,25.57,13.66,30.9,16.5,8.45,4.51,52.43,28,37.57,20.06,0,0,,,3.15,1.68,44.78,23.92,40.26,21.5,37.51,20.03
252,8.08,1000,120,7.68,500,60,6.82,250,12,10.17,1000,36,9.17,500,12,7.17,250,3,4.32,2.32,613.22,328.71,714.57,383.04,4.2284,28.78,15.43,45.09,24.17,17.72,9.5,10.61,5.69,10.49,5.63,16.45,8.82,18.5,9.92,19.2,10.29,,,8.63,4.63,15.31,8.21,9.21,4.94,12.77,6.85,8.37,4.49,4.43,2.38,29.32,15.72,31.71,17,140.27,75.19,8.16,4.38,52.88,28.34,8.94,4.79,,,16.59,8.89,50,26.8,10.84,5.81,24.02,12.88,10.73,5.75,35.23,18.88,,,14.03,7.52,26,13.94,35.44,19,8.59,4.6,52,27.88,35.85,19.22,0,0,,,3.09,1.66,49.21,26.38,42.79,22.94,40.23,21.56
253,7.91,1000,120,7.45,500,60,6.27,250,12,9.52,1000,36,8.52,500,12,6.52,250,3,4.55,2.44,641.1,343.91,678.34,363.89,4.389,39.71,21.3,40.65,21.81,18.99,10.19,12.93,6.94,11.18,6,14.99,8.04,18.1,9.71,20.66,11.08,,,8.97,4.81,16.27,8.73,9,4.83,13.68,7.34,9.17,4.92,6.76,3.63,30.63,16.43,32.16,17.25,161.85,86.82,10.02,5.38,58.95,31.63,9.9,5.31,,,17.77,9.53,44.89,24.08,13.17,7.06,23.88,12.81,10.72,5.75,41.2,22.1,,,14.3,7.67,24.35,13.06,37.75,20.25,10.18,5.46,51.5,27.63,33.38,17.91,0,0,,,3.12,1.67,53.89,28.91,46.02,24.69,39.5,21.19
254,8.12,1000,120,7.78,500,60,6.52,250,12,9.45,1000,36,8.45,500,12,6.45,250,3,4.75,2.55,684.27,367.07,677.11,363.23,4.4336,46.36,24.87,40.86,21.92,19.22,10.31,15.96,8.56,11.77,6.31,15.99,8.58,20.56,11.03,23.53,12.63,,,9.09,4.88,16.19,8.69,9.6,5.15,14.25,7.65,10.05,5.39,7.46,4,33.72,18.09,33.67,18.06,168.03,90.14,10.49,5.63,59.77,32.06,10.47,5.61,,,18.9,10.14,45.7,24.52,13.69,7.34,25.57,13.72,10.95,5.88,47.19,25.32,,,14.13,7.58,24.99,13.41,42.88,23,10.58,5.68,52.89,28.38,35.83,19.22,0,0,,,3.12,1.67,56.19,30.14,44.97,24.13,41.01,22
255,8.07,1000,120,7.74,500,60,6.27,250,12,9.06,1000,36,8.06,500,12,6.06,250,3,4.78,2.57,697.91,375.22,666.57,358.37,4.2009,46.77,25.14,42.76,22.99,21.74,11.69,16.39,8.81,11.16,6,16.04,8.62,22.15,11.91,24.1,12.96,,,10.46,5.63,16.12,8.67,9.92,5.33,15.26,8.2,10.85,5.83,9.53,5.13,32.11,17.26,33.48,18,165.45,88.95,14.88,8,52.95,28.47,10.79,5.8,,,22.23,11.95,46.81,25.17,15.98,8.59,27.14,14.59,16.97,9.13,46.7,25.11,,,14.22,7.64,26.04,14,46.27,24.88,10.89,5.85,54.41,29.25,32.26,17.34,0,0,,,3.07,1.65,55.72,29.96,43.71,23.5,41.15,22.13
256,8.01,1000,120,7.63,500,60,6.09,250,12,8.91,1000,36,7.91,500,12,5.91,250,3,4.68,2.52,695.58,375.35,661.52,356.97,3.654,46.49,25.09,41.66,22.48,19.69,10.63,17.6,9.5,11.23,6.06,16.43,8.87,21.44,11.57,26.72,14.42,,,9.96,5.38,16.33,8.81,10.53,5.68,15.66,8.45,10.19,5.5,11.23,6.06,36.04,19.45,32.78,17.69,161.18,86.98,15.75,8.5,47.49,25.63,10.96,5.92,,,21.83,11.78,44.82,24.19,17.03,9.19,27.68,14.94,16.21,8.75,45.95,24.8,,,14.45,7.8,24.55,13.25,42.62,23,11.56,6.24,55.13,29.75,33.24,17.94,0,0,,,3.23,1.74,57.45,31,42.39,22.88,41.29,22.28
257,8.06,1000,120,7.69,500,60,6.16,250,12,9.07,1000,36,8.07,500,12,6.07,250,3,4.54,2.46,714.98,386.96,677.86,366.87,3.8192,47.57,25.75,39.36,21.3,24.25,13.13,20.67,11.19,11.14,6.03,16.02,8.67,22.48,12.17,26.79,14.5,,,9.93,5.38,15.71,8.5,10.83,5.86,15.84,8.57,10.26,5.56,12.36,6.69,38.72,20.95,34.07,18.44,154.83,83.79,14.55,7.88,48.21,26.09,11.7,6.33,,,21.05,11.39,45.1,24.41,19.05,10.31,26.96,14.59,17.32,9.38,48.31,26.14,,,14.12,7.64,23.73,12.84,43.42,23.5,12.01,6.5,53.58,29,31.64,17.13,0,0,,,3.39,1.84,63.43,34.33,44.81,24.25,43.42,23.5
258,8.26,1000,120,7.93,500,60,6.38,250,12,8.98,1000,36,7.98,500,12,5.98,250,3,4.23,2.29,684.82,371.18,678.16,367.57,3.7004,43.86,23.77,39.93,21.64,30.9,16.75,18.33,9.94,10.72,5.81,17.08,9.26,21.73,11.78,25.37,13.75,,,10.15,5.5,15.41,8.35,10.79,5.85,14.68,7.96,9.69,5.25,11.42,6.19,37.13,20.13,33.79,18.31,154.6,83.79,13.84,7.5,45.03,24.41,11.45,6.21,,,19.49,10.56,44.63,24.19,16.6,9,26.93,14.59,26.75,14.5,43.26,23.45,,,12.52,6.79,24.73,13.41,40.59,22,11.01,5.97,52.35,28.38,29.87,16.19,0,0,,,3.63,1.97,64.93,35.19,42.2,22.88,43.41,23.53
259,8.2,1000,120,7.78,500,60,6.23,250,12,8.65,1000,36,7.65,500,12,5.65,250,3,4.83,2.63,713.41,387.81,654.67,355.88,3.6134,45.24,24.59,39.6,21.53,34.84,18.94,20.93,11.38,10.29,5.59,17.75,9.65,24.09,13.09,23.15,12.58,,,11.96,6.5,15.46,8.41,11.17,6.07,15.65,8.51,9.2,5,10.35,5.63,36.12,19.64,35.41,19.25,151.18,82.18,15.18,8.25,46.45,25.25,11.25,6.11,,,21.07,11.45,46.9,25.5,15.98,8.69,27.36,14.88,26.67,14.5,47.71,25.94,,,13.92,7.57,24.78,13.47,40.47,22,10.56,5.74,54.73,29.75,32.48,17.66,0,0,,,3.88,2.11,62.7,34.09,42.54,23.13,40.36,21.94
260,7.82,1000,120,7.34,500,60,5.72,250,12,8.47,1000,36,7.47,500,12,5.47,250,3,4.65,2.54,727.21,396.47,639.92,348.88,3.8324,47.02,25.64,40.83,22.26,35.19,19.19,22.24,12.13,10.43,5.69,19.14,10.44,24.26,13.22,23.54,12.83,,,12.61,6.88,16.07,8.76,11.27,6.14,16.23,8.85,8.61,4.69,11.23,6.13,37.81,20.62,35.88,19.56,170.17,92.78,12.84,7,43.91,23.94,11.41,6.22,,,21.32,11.63,48.16,26.26,17.88,9.75,27,14.72,26.14,14.25,51.57,28.12,,,17.98,9.8,24.99,13.63,39.89,21.75,12.15,6.63,55.03,30,33.02,18,0,0,,,3.94,2.15,63.08,34.39,45.86,25,40.01,21.81
261,7.45,1000,120,6.9,500,60,5.42,250,12,8.33,1000,36,7.33,500,12,5.33,250,3,4.67,2.55,710.38,387.86,657.1,358.77,3.0894,49.07,26.79,37.58,20.52,40.18,21.94,20.72,11.31,11.22,6.13,19.4,10.59,22.99,12.55,24.27,13.25,,,11.68,6.38,17.15,9.36,11.07,6.05,15.19,8.29,9.21,5.03,8.47,4.63,32.86,17.94,35.6,19.44,180.45,98.52,14.88,8.13,47.45,25.91,10.65,5.81,,,20.26,11.06,51.88,28.33,16.31,8.91,27.36,14.94,32.05,17.5,53.97,29.46,,,16.87,9.21,25.64,14,37.09,20.25,11.22,6.13,56.09,30.63,33.02,18.03,0,0,,,4.21,2.3,61.3,33.47,46.48,25.38,41.44,22.63
262,7.48,1000,120,6.71,500,60,5.03,250,12,7.94,1000,36,6.94,500,12,4.94,250,3,4.63,2.54,715.67,392.46,657.25,360.42,2.9677,51.46,28.22,38.54,21.13,45.59,25,16.18,8.88,11.23,6.16,20.52,11.26,23.31,12.78,24.31,13.33,,,12.42,6.81,16.01,8.78,12.18,6.68,16.76,9.19,10.54,5.78,11.63,6.38,34.71,19.03,36.81,20.19,194.63,106.73,12.99,7.13,44.85,24.59,10.56,5.79,,,21.63,11.86,50.07,27.46,17.04,9.34,27.87,15.28,30.54,16.75,55.62,30.5,,,16.18,8.87,27.52,15.09,35.1,19.25,9.73,5.33,57.67,31.63,31.68,17.38,0,0,,,4.09,2.24,68.68,37.66,44.91,24.63,41.6,22.81
263,7.38,1000,120,6.48,500,60,4.69,250,12,7.47,1000,36,6.47,500,12,4.47,250,3,4.47,2.46,684.67,376.55,656.54,361.08,2.4388,49.21,27.06,36.89,20.29,43.87,24.13,16.14,8.88,11.53,6.34,20.65,11.36,24.61,13.53,22.58,12.42,,,13.41,7.38,16.1,8.85,11.73,6.45,16.37,9,10.56,5.81,13.07,7.19,32.69,17.98,37.73,20.75,211.98,116.59,11.82,6.5,42.67,23.47,9.89,5.44,,,21.73,11.95,49.73,27.35,15.68,8.63,26.59,14.63,29.55,16.25,49.43,27.18,,,15.05,8.28,26.02,14.31,32.27,17.75,8.75,4.81,57.28,31.5,29.32,16.13,0,0,,,3.71,2.04,60.07,33.04,40.12,22.06,39.55,21.75
264,6.71,1000,120,5.93,500,60,4.12,250,12,7.05,1000,36,6.05,500,12,4.05,250,3,4.57,2.52,754.29,415.14,644.24,354.57,2.7192,54.66,30.08,38.91,21.42,48.83,26.88,16.01,8.81,13.17,7.25,24.35,13.4,27.08,14.9,23.62,13,,,12.72,7,16.54,9.1,13.71,7.55,18.15,9.99,12.37,6.81,15.9,8.75,35.4,19.48,37.7,20.75,220.42,121.31,10.22,5.63,40.94,22.53,11.62,6.4,9.32,5.13,26.23,14.44,54.64,30.07,18.4,10.13,26.8,14.75,32.25,17.75,59.38,32.68,,,12.4,6.82,29.18,16.06,34.07,18.75,9.24,5.08,60.87,33.5,29.53,16.25,0,0,,,4.32,2.38,63.16,34.76,42.47,23.38,42.7,23.5
265,7.31,1000,120,6.44,500,60,4.23,250,12,7.07,1000,36,6.07,500,12,4.07,250,3,4.79,2.64,746.33,411.65,641.32,353.73,2.3688,59.62,32.88,37.91,20.91,54.16,29.88,17,9.38,12.92,7.13,22.08,12.18,26.27,14.49,21.45,11.83,,,12.46,6.88,16.15,8.91,12.51,6.9,16.55,9.13,11.08,6.11,17.45,9.63,41.75,23.03,37.73,20.81,226.01,124.66,17.9,9.88,41.64,22.97,11.54,6.36,10.17,5.61,24.19,13.34,51.76,28.55,20,11.03,26.86,14.81,29.91,16.5,62.07,34.24,,,12.3,6.79,27.99,15.44,35.58,19.63,9.95,5.49,58.7,32.38,28.44,15.69,0,0,,,4.02,2.22,66.38,36.61,47.82,26.38,42.27,23.31
266,7.27,1000,120,6.58,500,60,4.35,250,12,7.25,1000,36,6.25,500,12,4.25,250,3,4.91,2.72,747.64,413.86,621.8,344.2,2.436,63.07,34.91,35.54,19.67,55.32,30.63,18.07,10,13.44,7.44,21.53,11.92,26.04,14.41,21.83,12.08,,,12.65,7,16.15,8.94,12.92,7.15,16.15,8.94,10.96,6.07,16.37,9.06,42.21,23.37,36.47,20.19,231.87,128.35,17.84,9.88,39.91,22.09,11.91,6.59,12.03,6.66,23.15,12.81,50.19,27.78,21.17,11.72,25.91,14.34,29.81,16.5,62.41,34.55,,,12.32,6.82,27.1,15,35.68,19.75,10.16,5.63,56.23,31.13,26.76,14.81,0,0,,,4.22,2.34,66.81,36.98,41.21,22.81,41.55,23
267,7.46,1000,120,6.82,500,60,4.48,250,12,7,1000,36,6,500,12,4,250,3,4.69,2.6,727.67,403.67,609.9,338.34,2.912,56.41,31.29,33.44,18.55,58.81,32.63,16.34,9.06,11.83,6.56,19.46,10.79,24.3,13.48,20.28,11.25,,,12.96,7.19,16.13,8.95,12.37,6.86,15.95,8.85,10.19,5.65,15.89,8.81,40.69,22.58,34.59,19.19,221.41,122.83,15.1,8.38,37.63,20.88,11.34,6.29,12.46,6.91,21.86,12.13,50.28,27.89,20.17,11.19,24.56,13.63,27.94,15.5,59.29,32.89,,,10.75,5.96,25.86,14.34,31.55,17.5,9.31,5.17,54.98,30.5,23.66,13.13,0,0,,,3.92,2.17,65.11,36.12,39.55,21.94,40,22.19
268,7.56,1000,120,6.82,500,60,4.28,250,12,6.82,1000,36,5.82,500,12,3.82,250,3,4.56,2.53,746.39,414.95,606.56,337.21,2.6108,58.46,32.5,35.99,20.01,65.43,36.38,15.4,8.56,12.25,6.81,18.04,10.03,23.69,13.17,18.89,10.5,,,13.83,7.69,16.39,9.11,13.32,7.41,16.53,9.19,10.34,5.75,15.96,8.88,43.59,24.23,33.16,18.44,227.82,126.65,11.69,6.5,41.03,22.81,11.45,6.36,14.93,8.3,21.22,11.8,53.11,29.53,21.36,11.88,27.04,15.03,22.03,12.25,61.02,33.93,,,12.34,6.86,27.99,15.56,32.83,18.25,9.2,5.11,57.56,32,26.48,14.72,0,0,,,3.91,2.17,65.41,36.37,39.57,22,41.93,23.31
269,7.39,1000,120,6.69,500,60,4.32,250,12,6.86,1000,36,5.86,500,12,3.86,250,3,4.64,2.59,744.98,415.35,611.55,340.96,2.5056,58.49,32.61,34.78,19.39,63.67,35.5,14.29,7.97,14.07,7.84,18.81,10.49,23.44,13.07,21.97,12.25,,,15.81,8.81,17.11,9.54,13.39,7.46,17.03,9.5,10.29,5.74,13.9,7.75,43.06,24.01,32.73,18.25,239.86,133.73,12.33,6.88,40.58,22.63,11.43,6.38,14.48,8.07,21.64,12.06,52.57,29.31,20.68,11.53,27.24,15.19,23.32,13,57.5,32.06,,,12.57,7.01,27.02,15.06,34.08,19,10.16,5.67,57.84,32.25,27.02,15.06,8.18,4.56,,,4.02,2.24,62.13,34.64,39.35,21.94,42.77,23.84
270,7.1,1000,120,6.27,500,60,4.04,250,12,6.37,1000,36,5.37,500,12,3.37,250,3,4.61,2.58,730.07,408.2,631.86,353.29,2.1816,54.79,30.63,35.99,20.12,61.7,34.5,12.58,7.03,14.76,8.25,17.29,9.67,24.76,13.84,20.57,11.5,24.77,13.85,14.53,8.13,16.58,9.27,11.89,6.65,15.94,8.91,11.13,6.22,7.82,4.38,41.45,23.18,33.09,18.5,211.4,118.2,10.28,5.75,43.76,24.47,11.64,6.51,14.93,8.35,19.95,11.16,53.39,29.85,21.35,11.94,27.67,15.47,23.25,13,57.15,31.95,8.94,5,11.6,6.49,27.27,15.25,33.98,19,9.95,5.56,57.01,31.88,21.8,12.19,7.6,4.25,,,3.93,2.2,61.73,34.52,35.88,20.06,43.37,24.25
271,6.72,1000,120,5.84,500,60,3.62,250,12,6.31,1000,36,5.31,500,12,3.31,250,3,3.93,2.2,756.57,423.92,611.56,342.67,1.8824,59.37,33.27,37.82,21.19,60.35,33.81,13.16,7.38,16.29,9.13,20.18,11.31,25.49,14.28,23.8,13.33,24.46,13.7,15.17,8.5,17.49,9.8,12.07,6.76,16.84,9.44,10.88,6.1,7.7,4.31,45.54,25.51,34.69,19.44,240.2,134.59,10.71,6,42.33,23.72,11.32,6.34,14.78,8.28,22.14,12.41,56.39,31.6,20.64,11.56,28.22,15.81,23.65,13.25,63.7,35.69,6.69,3.75,11.71,6.56,29.17,16.34,32.12,18,9.7,5.44,61.57,34.5,22.03,12.34,8.81,4.94,,,3.71,2.08,58.74,32.91,35.25,19.75,44.73,25.06
272,6.56,1000,120,5.52,500,60,3.45,250,12,6.13,1000,36,5.13,500,12,3.13,250,3,3.92,2.2,737.35,414.03,615.68,345.71,1.8975,58.95,33.1,38.74,21.75,56.32,31.63,12.02,6.75,16.97,9.53,18.56,10.42,25.48,14.31,23.6,13.25,23.68,13.3,14.69,8.25,17.05,9.57,12.19,6.85,15.81,8.88,10.09,5.67,9.02,5.06,45.84,25.74,33.73,18.94,258.9,145.37,9.13,5.13,38.57,21.66,10.96,6.16,13.28,7.46,21.93,12.31,56.08,31.49,19.03,10.69,28.55,16.03,21.37,12,58.76,32.99,7.42,4.17,10.16,5.7,29.61,16.63,32.5,18.25,9.87,5.54,57.66,32.38,21.15,11.88,8.4,4.72,,,3.66,2.05,54.67,30.7,33.17,18.63,43.74,24.56
273,6.23,1000,120,5.18,500,60,2.96,250,12,6.26,1000,36,5.26,500,12,3.26,250,3,3.79,2.14,740.91,417.8,610.34,344.17,1.9832,61.14,34.48,38.77,21.86,54.53,30.75,12.75,7.19,15.35,8.66,19.34,10.9,24.32,13.71,26.45,14.92,25.75,14.52,14.96,8.44,18.51,10.44,11.34,6.4,14.33,8.08,9.83,5.54,9.86,5.56,46.85,26.42,30.04,16.94,243.87,137.52,9.31,5.25,35.91,20.25,11.6,6.54,12.86,7.25,21,11.84,55.65,31.38,19.62,11.06,28.43,16.03,19.95,11.25,64.21,36.21,5.17,2.92,9.92,5.59,30.31,17.09,31.48,17.75,10.34,5.83,58.52,33,20.73,11.69,7.92,4.47,,,3.46,1.95,55.64,31.37,32.47,18.31,45.44,25.63
274,6.8,1000,120,5.9,500,60,3.54,250,12,6.58,1000,36,5.58,500,12,3.58,250,3,3.66,2.07,744.24,420.86,592.26,334.92,1.9824,58.44,33.05,37.87,21.42,61.78,34.94,15.03,8.5,17.08,9.66,20.23,11.44,24.3,13.74,24.61,13.92,26.07,14.74,15.14,8.56,16.73,9.46,11.51,6.51,14.45,8.17,10.32,5.83,14.15,8,51.58,29.17,32.16,18.19,259.39,146.68,12.16,6.88,29.18,16.5,11.44,6.47,11.94,6.75,21.99,12.44,54.91,31.05,20.67,11.69,27.35,15.47,22.55,12.75,63.11,35.69,6.63,3.75,8.97,5.07,29.73,16.81,28.29,16,11.49,6.5,57.47,32.5,19.73,11.16,9.06,5.13,,,3.55,2.01,56.9,32.17,31.94,18.06,45.76,25.88
275,6.94,1000,120,6.24,500,60,3.86,250,12,6.48,1000,36,5.48,500,12,3.48,250,3,3.88,2.2,761.72,431.35,591.24,334.81,2.4318,61.07,34.58,37.52,21.25,63.46,35.94,16.56,9.38,16.11,9.13,20.68,11.71,25.63,14.52,27.81,15.75,26.36,14.93,14.79,8.38,17.18,9.73,12.14,6.87,15.83,8.96,11.16,6.32,15.78,8.94,54.71,30.98,29.69,16.81,280.86,159.05,13.91,7.88,30.19,17.09,12.14,6.88,13.57,7.69,22.18,12.56,54.84,31.05,22.24,12.59,26.27,14.88,23.4,13.25,70.72,40.05,9.57,5.42,8.56,4.85,30.46,17.25,29.14,16.5,11.4,6.46,54.96,31.13,19.42,11,8.33,4.72,,,3.78,2.14,56.71,32.11,31.01,17.56,44.92,25.44
276,6.7,1000,120,6.04,500,60,3.61,250,12,6.19,1000,36,5.19,500,12,3.19,250,3,3.81,2.17,772.19,438.82,579.03,329.05,2.2021,61.05,34.69,40.75,23.16,60.82,34.56,17.71,10.06,17.05,9.69,20.23,11.5,25.77,14.64,28.45,16.17,27.89,15.85,17.16,9.75,17.63,10.02,12.29,6.99,15.41,8.76,11.34,6.44,15.95,9.06,56.04,31.85,28.49,16.19,265.88,151.09,16.72,9.5,22.05,12.53,12.68,7.21,13.93,7.91,22.38,12.72,56.18,31.92,22.77,12.94,26.95,15.31,25.52,14.5,71.2,40.46,7.33,4.17,8.99,5.11,32.44,18.44,30.57,17.38,11.02,6.26,58.51,33.25,20.02,11.38,8.74,4.97,,,3.89,2.21,57.49,32.67,34.75,19.75,44.32,25.19
277,6.38,1000,120,5.55,500,60,3.4,250,12,6.12,1000,36,5.12,500,12,3.12,250,3,3.75,2.13,770.51,438.78,578.27,329.31,1.87,65.94,37.55,40.76,23.21,59.92,34.13,17.12,9.75,17.62,10.03,19.71,11.23,24.49,13.95,27.66,15.75,26.47,15.07,18.22,10.38,16.79,9.56,10.99,6.26,14.49,8.25,12.1,6.89,16.35,9.31,55.59,31.66,30.62,17.44,280.45,159.71,14.27,8.13,22.83,13,12.58,7.17,14.86,8.46,19.48,11.09,56.25,32.03,23.54,13.41,26.94,15.34,23.71,13.5,77.25,43.99,8.78,5,9.1,5.18,30.4,17.31,32.49,18.5,11.41,6.5,59.49,33.88,19.65,11.19,9.82,5.59,11.08,6.31,3.96,2.26,56.07,31.93,30.95,17.63,43.02,24.5
278,5.94,1000,120,5.12,500,60,3.3,250,12,6.11,1000,36,5.11,500,12,3.11,250,3,3.89,2.22,777.5,443.38,579.12,330.25,1.815,63.53,36.23,43.47,24.79,59.84,34.13,14.58,8.31,17.21,9.81,19.78,11.28,25.05,14.28,29.08,16.58,26.69,15.22,18.08,10.31,14.92,8.51,10.28,5.86,13.99,7.98,12.01,6.85,19.18,10.94,61.86,35.28,32.22,18.38,299.89,171.01,13.81,7.88,24,13.69,12.35,7.04,14.72,8.39,18.8,10.72,58.46,33.34,23.23,13.25,27.84,15.88,24.77,14.13,80.78,46.06,7.31,4.17,9.81,5.59,32.66,18.63,31.78,18.13,11.31,6.45,62.47,35.63,21.15,12.06,8.17,4.66,10.77,6.14,3.81,2.17,55.66,31.74,30.14,17.19,46.25,26.38
279,6.06,1000,120,5.24,500,60,3.32,250,12,6.09,1000,36,5.09,500,12,3.09,250,3,4.02,2.3,789.28,451.67,597.44,341.89,2.158,63.79,36.51,44,25.18,65.31,37.38,14.09,8.06,18.79,10.75,19.15,10.96,25.64,14.67,27.09,15.5,29.12,16.67,19.11,10.94,15.95,9.13,10.2,5.84,14.18,8.11,12.06,6.9,20.1,11.5,70.07,40.1,30.58,17.5,324.63,185.77,13.54,7.75,22.5,12.88,13.03,7.46,16.62,9.51,18.62,10.66,60.17,34.43,23.86,13.66,28.89,16.53,24.03,13.75,100.89,57.74,10.19,5.83,10.16,5.82,34.08,19.5,34.95,20,12.03,6.89,64.22,36.75,24.08,13.78,6.88,3.94,10.4,5.95,3.85,2.2,53.64,30.7,30.58,17.5,47.89,27.41
280,6.05,1000,120,5.14,500,60,3.26,250,12,6.1,1000,36,5.1,500,12,3.1,250,3,4.04,2.32,764.82,438.89,640.83,367.74,2.2494,57.78,33.16,40.55,23.27,65.24,37.44,12.74,7.31,20.64,11.84,18.82,10.8,23.58,13.53,25.99,14.92,26.85,15.41,18.08,10.38,14.34,8.23,10.61,6.09,13.02,7.47,11.88,6.82,24.4,14,76.18,43.72,30.39,17.44,321.39,184.43,10.24,5.88,21.29,12.22,13.36,7.67,17.53,10.06,18.79,10.78,59.62,34.21,21.95,12.59,28.92,16.59,21.78,12.5,97.09,55.71,12.34,7.08,9.49,5.44,33.49,19.22,32.46,18.63,10.31,5.92,64.69,37.13,24.23,13.91,6.26,3.59,11.33,6.5,3.36,1.93,56.18,32.24,33.11,19,49.12,28.19
281,6.07,1000,120,5.28,500,60,3.55,250,12,6.21,1000,36,5.21,500,12,3.21,250,3,3.82,2.19,784.04,450.23,647.68,371.93,1.917,58.03,33.32,42.28,24.28,69.87,40.13,13.06,7.5,20.35,11.69,17.87,10.26,23.66,13.59,28.01,16.08,26.9,15.44,17.74,10.19,13.71,7.88,10.5,6.03,14.19,8.15,11.44,6.57,24.82,14.25,86.11,49.45,30.37,17.44,349.15,200.5,10.67,6.13,23.18,13.31,13.5,7.75,16.64,9.56,19.37,11.13,59.2,33.99,20.46,11.75,28.46,16.34,20.9,12,99.73,57.27,17.41,10,9.67,5.55,33.52,19.25,38.31,22,10.52,6.04,60.08,34.5,25.09,14.41,6.8,3.91,11.62,6.67,3.52,2.02,57.53,33.04,34.5,19.81,49.14,28.22
282,5.8,1000,120,5.04,500,60,3.41,250,12,6.16,1000,36,5.16,500,12,3.16,250,3,4.11,2.36,783.49,450.54,683.06,392.79,2.3529,61,35.08,46.53,26.75,73.26,42.13,12.17,7,19.35,11.13,17.56,10.1,24.66,14.18,25.22,14.5,27.31,15.7,19.13,11,13.75,7.91,10,5.75,13.58,7.81,11.83,6.81,20.98,12.06,92.15,52.99,29.56,17,320.39,184.24,10.65,6.13,21.57,12.41,13.88,7.98,16.54,9.51,17.93,10.31,60.63,34.87,21.52,12.38,28.75,16.53,23.04,13.25,114.48,65.83,18.84,10.83,8.75,5.03,33.91,19.5,41.74,24,9.56,5.5,65.65,37.75,24.35,14,6.09,3.5,12.12,6.97,3.07,1.77,54.88,31.56,32.17,18.5,46.95,27
283,5.83,1000,120,5.16,500,60,3.53,250,12,6.14,1000,36,5.14,500,12,3.14,250,3,4.09,2.36,781.26,450.19,655.93,377.97,2.4357,56.11,32.33,46.82,26.98,71.59,41.25,11.93,6.88,20.17,11.63,17.53,10.1,21.87,12.6,23.57,13.58,28.02,16.15,18.66,10.75,13.07,7.53,9.69,5.58,12.43,7.16,11.45,6.6,20.72,11.94,93.13,53.67,29.28,16.88,279.76,161.21,11.06,6.38,18.93,10.91,14.32,8.25,16.98,9.79,15.84,9.13,64.86,37.37,21.96,12.66,28.74,16.56,23.86,13.75,117.75,67.85,16.63,9.58,9.19,5.29,35.25,20.31,49.89,28.75,9.94,5.73,66.6,38.38,24.13,13.91,6.35,3.66,12.99,7.48,3.16,1.82,54.87,31.62,33.95,19.56,47.29,27.25
284,5.46,1000,120,4.81,500,60,3.36,250,12,6.12,1000,36,5.12,500,12,3.12,250,3,4.09,2.36,803.34,463.55,615.1,354.93,2.1504,55.85,32.22,49.68,28.67,73.65,42.5,13.76,7.94,23.07,13.31,17.89,10.32,22.38,12.91,25.13,14.5,28.5,16.44,17.98,10.38,13.47,7.77,10.11,5.84,12.53,7.23,12.47,7.19,27.73,16,100.19,57.81,28.38,16.38,316.94,182.89,11.7,6.75,19.82,11.44,14.19,8.19,16.09,9.28,17.6,10.16,63.82,36.83,22.2,12.81,28.22,16.28,21.66,12.5,126.94,73.25,18.77,10.83,10.4,6,39.53,22.81,52.42,30.25,9.62,5.55,67.15,38.75,24.86,14.34,5.79,3.34,12.86,7.42,3.37,1.95,55.55,32.05,34.34,19.81,47.39,27.34
285,5.34,1000,120,4.72,500,60,3.35,250,12,6.24,1000,36,5.24,500,12,3.24,250,3,4.19,2.43,792.05,458.93,628.91,364.4,2.278,55.24,32,49.38,28.61,75.29,43.63,13.27,7.69,24.7,14.31,17.33,10.04,21.49,12.45,24.31,14.08,28.51,16.52,17.8,10.31,13.12,7.6,10.51,6.09,10.37,6.01,12.46,7.22,22.98,13.31,104.98,60.83,28.91,16.75,321.47,186.27,11.22,6.5,18.18,10.53,13.77,7.98,17.44,10.1,16.94,9.81,65.06,37.7,22.22,12.88,28.26,16.38,20.93,12.13,137.16,79.47,14.38,8.33,10.17,5.89,36.89,21.38,58.68,34,9.92,5.75,66.23,38.38,25.78,14.94,4.42,2.56,12.89,7.47,3.24,1.88,51.27,29.71,33.12,19.19,44.44,25.75
286,5.56,1000,120,4.96,500,60,3.53,250,12,6.35,1000,36,5.35,500,12,3.35,250,3,4.49,2.61,805.2,467.83,643.79,374.05,2.471,60.47,35.13,48.95,28.44,77.24,44.88,14.95,8.69,27.11,15.75,17.77,10.32,22.67,13.17,26.25,15.25,26.45,15.37,17.75,10.31,13.39,7.78,10.96,6.37,11.1,6.45,12.86,7.47,17.21,10,108.85,63.24,30.44,17.69,341.81,198.59,12.05,7,19.79,11.5,13.89,8.07,19.43,11.29,18.13,10.53,65.26,37.92,20.06,11.66,28.02,16.28,18.72,10.88,125.71,73.04,14.34,8.33,9.3,5.41,37.97,22.06,63.68,37,9.97,5.79,66.26,38.5,26.79,15.56,5.54,3.22,14.15,8.22,2.78,1.62,50.92,29.59,32.27,18.75,44.53,25.88
287,5.82,1000,120,5.14,500,60,3.62,250,12,6.26,1000,36,5.26,500,12,3.26,250,3,4.91,2.86,793.41,461.93,658.93,383.63,1.9548,62.04,36.12,46.53,27.09,77.29,45,15.03,8.75,24.26,14.13,17.24,10.04,21.56,12.55,27.05,15.75,25.32,14.74,16.75,9.75,13.28,7.73,11.28,6.57,10.96,6.38,12.19,7.1,16.42,9.56,98.65,57.44,29.31,17.06,339.76,197.81,11.16,6.5,23.51,13.69,14.13,8.23,19.35,11.27,18.79,10.94,62.88,36.61,20.34,11.84,27,15.72,18.68,10.88,114.76,66.82,12.17,7.08,8.64,5.03,36.18,21.06,67.42,39.25,10.29,5.99,62.48,36.38,26.19,15.25,5.37,3.13,13.18,7.67,3.09,1.8,56.75,33.04,33.17,19.31,46.8,27.25
288,5.83,1000,120,5.21,500,60,3.63,250,12,6.15,1000,36,5.15,500,12,3.15,250,3,5.26,3.06,804.97,468.66,663.96,386.56,1.9602,67.14,39.09,46.73,27.2,78.37,45.63,13.96,8.13,20.83,12.13,18.02,10.49,21.65,12.6,27.34,15.92,24.68,14.37,17.07,9.94,13.2,7.69,11.47,6.68,11.31,6.59,12.05,7.01,15.24,8.88,96.32,56.08,29.84,17.38,342.14,199.2,8.8,5.13,24.31,14.16,15.12,8.8,20.37,11.86,19.27,11.22,65.13,37.92,20.99,12.22,27.27,15.88,19.32,11.25,109.06,63.49,12.88,7.5,8.52,4.96,36.82,21.44,62.69,36.5,9.63,5.6,65.05,37.88,27.54,16.03,5.37,3.13,12.99,7.56,3.29,1.91,57.8,33.65,37.04,21.56,46.75,27.22
289,5.77,1000,120,5.1,500,60,3.6,250,12,6.43,1000,36,5.43,500,12,3.43,250,3,4.98,2.9,824.94,481.6,654.17,381.9,1.836,73.53,42.93,43.33,25.29,82.43,48.13,14.99,8.75,23.55,13.75,20.19,11.79,20.97,12.24,26.12,15.25,24.87,14.52,17.24,10.06,14.19,8.28,11.44,6.68,10.99,6.42,13.16,7.68,17.45,10.19,101.48,59.25,31.05,18.13,334.1,195.05,6.85,4,24.36,14.22,15.34,8.96,20.94,12.23,18.09,10.56,62.71,36.61,21.63,12.63,28.48,16.63,24.84,14.5,118.71,69.31,17.13,10,9.45,5.52,35.65,20.81,60.38,35.25,9.42,5.5,61.67,36,29.17,17.03,6.58,3.84,13.49,7.88,2.8,1.63,64.09,37.41,37.04,21.63,46.03,26.88
290,6.28,1000,120,5.74,500,60,4.16,250,12,6.77,1000,36,5.77,500,12,3.77,250,3,5.02,2.94,798.09,467.19,656.11,384.08,2.8288,72.87,42.65,41.96,24.56,77.3,45.25,16.66,9.75,22.95,13.44,19.75,11.56,19.68,11.52,24.49,14.33,25.31,14.81,16.87,9.88,13.49,7.9,10.64,6.23,10.55,6.18,12.41,7.26,18.36,10.75,105.58,61.81,30.75,18,310.58,181.81,8.54,5,22.58,13.22,15.02,8.79,19.48,11.4,17.14,10.03,57.51,33.67,20.77,12.16,27.6,16.16,22.42,13.13,104.92,61.42,17.08,10,8.73,5.11,33.42,19.56,55.95,32.75,10.21,5.98,56.59,33.13,27.65,16.19,6.67,3.91,12.89,7.55,2.71,1.59,60.75,35.56,39.93,23.38,44.9,26.28
291,6.77,1000,120,6.23,500,60,4.5,250,12,7.01,1000,36,6.01,500,12,4.01,250,3,4.69,2.75,760.6,445.55,644.07,377.29,2.565,70.47,41.28,39.63,23.21,69.14,40.5,16.96,9.94,24.97,14.63,18.39,10.77,19.58,11.47,22.33,13.08,24.15,14.15,16.43,9.63,12.86,7.53,10.39,6.09,10.49,6.14,11.29,6.61,26.57,15.56,101.91,59.7,30.83,18.06,288.88,169.22,6.72,3.94,23.05,13.5,14.17,8.3,18.22,10.67,15.84,9.28,53.94,31.6,19.42,11.38,27.15,15.91,22.19,13,98.47,57.69,19.2,11.25,8.4,4.92,33.61,19.69,48.23,28.25,10.44,6.11,53.56,31.38,26.46,15.5,5.81,3.41,11.42,6.69,2.69,1.58,57.66,33.78,38.73,22.69,42.25,24.75
292,7.06,1000,120,6.64,500,60,5.07,250,12,7.51,1000,36,6.51,500,12,4.51,250,3,4.62,2.71,765.05,449.07,650,381.54,3.3462,75.19,44.14,39.84,23.38,68.15,40,17.57,10.31,27.26,16,17.68,10.38,18.39,10.8,22.01,12.92,22.97,13.48,16.29,9.56,12.81,7.52,10.85,6.37,10.64,6.25,11.24,6.6,22.04,12.94,91.69,53.82,30.24,17.75,309.73,181.81,8.94,5.25,24.44,14.34,13.75,8.07,17.72,10.4,17.68,10.38,54.02,31.71,21.88,12.84,26.3,15.44,21.08,12.38,96.51,56.65,19.88,11.67,8.64,5.07,35.56,20.88,46.42,27.25,10.9,6.4,54.52,32,29.76,17.47,5.86,3.44,11.13,6.53,2.76,1.62,53.76,31.56,37.91,22.25,41.85,24.56
293,7.12,1000,120,6.74,500,60,5.36,250,12,7.52,1000,36,6.52,500,12,4.52,250,3,4.77,2.81,775.61,456.5,655.14,385.6,3.3232,75.18,44.25,40.68,23.94,65.62,38.63,18.58,10.94,24.74,14.56,18.4,10.83,19.22,11.31,24.21,14.25,24.92,14.67,17.31,10.19,12.62,7.43,11.3,6.65,11.77,6.93,13,7.65,23.26,13.69,96.05,56.53,29.95,17.63,283.61,166.92,7.65,4.5,26.76,15.75,14.05,8.27,17.9,10.54,18.74,11.03,53.5,31.49,23.47,13.81,25.91,15.25,19.96,11.75,92.37,54.37,18.41,10.83,8.68,5.11,34.83,20.5,45.02,26.5,11.1,6.53,49.06,28.88,29.73,17.5,6.27,3.69,11.44,6.73,3.05,1.8,58.02,34.15,39.4,23.19,43.11,25.38
294,7.34,1000,120,6.95,500,60,5.5,250,12,7.73,1000,36,6.73,500,12,4.73,250,3,4.1,2.42,752.28,444.27,652.72,385.47,2.75,72.88,43.04,42.64,25.18,60.75,35.88,17.99,10.63,24.98,14.75,18.05,10.66,18.94,11.18,26.39,15.58,25.21,14.89,17.14,10.13,12.17,7.19,11.12,6.57,12.13,7.16,13.78,8.14,20.95,12.38,91.9,54.27,27.41,16.19,265.88,157.02,5.5,3.25,24.98,14.75,13.33,7.88,18.42,10.88,18.26,10.78,52.95,31.27,21.7,12.81,24.18,14.28,20.11,11.88,91.35,53.95,16.93,10,8.59,5.07,36.72,21.69,46.57,27.5,11.41,6.74,48.05,28.38,30.43,17.97,5.34,3.16,11.83,6.98,2.76,1.63,55.52,32.79,39.16,23.13,42.54,25.13
295,7.13,1000,120,6.75,500,60,5.4,250,12,7.81,1000,36,6.81,500,12,4.81,250,3,3.67,2.18,772.88,458.28,641.54,380.4,3.24,75.45,44.74,43.13,25.57,60.5,35.88,18.45,10.94,23.72,14.06,18.83,11.17,17.47,10.36,26.84,15.92,24.92,14.78,18.34,10.88,12.37,7.33,10.55,6.26,12.02,7.13,13.12,7.78,22.66,13.44,108.31,64.22,27.83,16.5,276.74,164.09,4.95,2.94,26.09,15.47,14.12,8.38,19.7,11.68,19.82,11.75,56.23,33.34,23.51,13.94,25.09,14.88,22.14,13.13,93.79,55.61,15.46,9.17,8.8,5.22,35.31,20.94,48.06,28.5,11.49,6.81,51.44,30.5,32.2,19.09,5.74,3.41,10.88,6.45,2.78,1.65,60.39,35.81,37.63,22.31,44.8,26.56
296,7.19,1000,120,6.81,500,60,5.56,250,12,8.03,1000,36,7.03,500,12,5.03,250,3,3.76,2.23,800.29,475.49,659.34,391.74,3.892,79.18,47.05,41.34,24.56,58.49,34.75,19.67,11.69,22.3,13.25,20.43,12.14,18.65,11.08,26.93,16,25.71,15.28,17.36,10.31,12.82,7.61,11.24,6.68,12.91,7.67,12.53,7.44,23.14,13.75,107.58,63.92,29.45,17.5,279.57,166.1,4.52,2.69,28.14,16.72,14.03,8.33,18.12,10.77,21.09,12.53,56.67,33.67,23.35,13.88,25.04,14.88,24.62,14.63,102.33,60.8,15.43,9.17,8.66,5.14,34.61,20.56,47.97,28.5,11.64,6.92,53.02,31.5,31.87,18.94,7,4.16,10.36,6.16,2.92,1.73,63.8,37.91,38.29,22.75,46.18,27.44
297,7.62,1000,120,7.28,500,60,5.96,250,12,8.51,1000,36,7.51,500,12,5.51,250,3,3.63,2.16,777.52,462.27,655.24,389.57,3.4568,78.3,46.55,40.18,23.89,56.98,33.88,16.82,10,23.65,14.06,20.62,12.26,19.85,11.8,26.77,15.92,24.95,14.83,17.45,10.38,12.42,7.39,11.8,7.01,12.79,7.6,11.84,7.04,25.12,14.94,107,63.62,30.17,17.94,262.22,155.9,5.99,3.56,29.12,17.31,13.7,8.15,16.96,10.08,21.55,12.81,56.63,33.67,20.76,12.34,24.34,14.47,24.6,14.63,90.74,53.95,14.72,8.75,8.84,5.26,35.85,21.31,48.78,29,10.62,6.31,52.35,31.13,31.43,18.69,6.68,3.97,9.86,5.86,2.93,1.74,65.62,39.02,36.79,21.88,46.15,27.44
298,7.91,1000,120,7.58,500,60,6.25,250,12,8.79,1000,36,7.79,500,12,5.79,250,3,3.62,2.16,792.21,472.26,644.64,384.29,3.5,75.14,44.8,39.32,23.44,58.71,35,20.65,12.31,22.23,13.25,22.65,13.5,19.32,11.52,25.86,15.42,23.21,13.83,17.3,10.31,12.32,7.34,11.62,6.93,11.85,7.06,12.46,7.43,22.02,13.13,118.35,70.55,29.25,17.44,256.64,152.99,5.24,3.13,31.19,18.59,13.63,8.13,17.98,10.72,22.75,13.56,57.76,34.43,20.71,12.34,26.11,15.56,22.44,13.38,94.68,56.44,12.58,7.5,9.32,5.55,34.91,20.81,43.61,26,10.83,6.46,53.47,31.88,34.91,20.81,7.34,4.38,9.65,5.75,2.96,1.77,61.42,36.61,36.8,21.94,46.13,27.5
299,7.92,1000,120,7.8,500,60,6.94,250,12,9.29,1000,36,8.29,500,12,6.29,250,3,3.75,2.24,759.3,453.55,634.93,379.26,4.164,72.24,43.15,37.55,22.43,56.29,33.63,19.98,11.94,22.81,13.63,21.91,13.09,18.51,11.05,25.11,15,23.44,14,15.28,9.13,12.05,7.2,11.98,7.15,11.54,6.89,11.79,7.04,21.03,12.56,114.33,68.29,27.94,16.69,259.71,155.13,5.34,3.19,29.56,17.66,12.87,7.69,16.57,9.9,22.44,13.41,59.1,35.3,18.78,11.22,25.16,15.03,20.09,12,91.01,54.37,12.56,7.5,9.05,5.41,34.63,20.69,40.18,24,11.47,6.85,55.04,32.88,33.06,19.75,6.75,4.03,9.31,5.56,2.93,1.75,59.13,35.32,37.56,22.44,42.9,25.63
300,7.84,1000,120,7.83,500,60,7.2,250,12,9.24,1000,36,8.24,500,12,6.24,250,3,3.86,2.31,770,461.17,631.87,378.44,3.96,72.96,43.7,37.82,22.65,56.56,33.88,17.43,10.44,23.48,14.06,24.33,14.57,19.79,11.86,23.38,14,23.65,14.17,16.17,9.69,12.09,7.24,12.37,7.41,12.92,7.74,11.64,6.97,20.66,12.38,118.3,70.85,26.82,16.06,251.62,150.7,11.69,7,30.99,18.56,14.37,8.6,16.99,10.17,23.06,13.81,55.85,33.45,18.73,11.22,25.57,15.31,19.2,11.5,91.81,54.99,11.83,7.08,8.28,4.96,34.33,20.56,43.41,26,9.74,5.83,54.68,32.75,33.45,20.03,6.94,4.16,9.86,5.91,3.33,1.99,61.65,36.92,39.34,23.56,44.25,26.5
301,7.66,1000,120,7.56,500,60,6.97,250,12,9.16,1000,36,8.16,500,12,6.16,250,3,3.85,2.31,783.37,470.42,627.18,376.63,3.6941,79.53,47.76,40.81,24.51,59.74,35.88,17.07,10.25,25.81,15.5,23.82,14.3,19.48,11.7,26.37,15.83,24.33,14.61,16.96,10.19,12.8,7.69,13.36,8.02,13.51,8.11,12.51,7.51,24.87,14.94,119.49,71.76,25.29,15.19,263.25,158.09,18.11,10.88,30.13,18.09,14.33,8.6,15.27,9.17,24.3,14.59,58.97,35.41,19.46,11.69,26.07,15.66,19.98,12,102.28,61.42,10.41,6.25,7.95,4.77,35.49,21.31,45.38,27.25,9.58,5.75,58.28,35,32.42,19.47,7.7,4.63,10.33,6.2,3.2,1.92,58.51,35.13,37.05,22.25,43.61,26.19
302,7.23,1000,120,7.06,500,60,6.44,250,12,9.15,1000,36,8.15,500,12,6.15,250,3,4.03,2.42,810.02,487.39,635.66,382.48,4.186,80.93,48.69,39.89,24,61.28,36.88,17.35,10.44,25.34,15.25,22.44,13.5,20.78,12.5,27.28,16.42,25.67,15.44,18.7,11.25,13.42,8.07,13.2,7.94,13.94,8.39,13.99,8.42,25.24,15.19,115.5,69.5,25.66,15.44,264.18,158.96,17.66,10.63,31.21,18.78,14.99,9.02,15.77,9.49,23.53,14.16,56.68,34.1,20.77,12.5,26.54,15.97,18.7,11.25,107.25,64.53,8.31,5,7.99,4.81,34.69,20.88,45.29,27.25,9.8,5.9,56.3,33.88,31.63,19.03,8.93,5.38,11.11,6.69,3.44,2.07,62.49,37.6,38.33,23.06,45.29,27.25
303,7.2,1000,120,7.08,500,60,6.49,250,12,9.11,1000,36,8.11,500,12,6.11,250,3,4.14,2.5,830.9,501.94,647.07,390.89,3.7642,85.15,51.44,39.45,23.83,60.01,36.25,16.66,10.06,26.59,16.06,21.62,13.06,20.65,12.47,26.62,16.08,27.41,16.56,17.38,10.5,13.61,8.22,13.42,8.11,14.72,8.89,13.82,8.35,27.31,16.5,108.06,65.28,25.66,15.5,248.24,149.96,8.28,5,33.99,20.53,15.04,9.08,16.31,9.85,24.73,14.94,55.01,33.23,21,12.69,27.31,16.5,19.86,12,105.8,63.91,9.66,5.83,8.39,5.07,35.07,21.19,47.18,28.5,9.86,5.96,52.35,31.63,34.4,20.78,10.19,6.16,11.77,7.11,3.54,2.14,61.22,36.98,43.97,26.56,48.21,29.13
304,7.09,1000,120,6.9,500,60,6.32,250,12,9.02,1000,36,8.02,500,12,6.02,250,3,4.26,2.58,850.44,514.76,636.13,385.04,3.2232,89.52,54.18,40.86,24.73,62.37,37.75,15.9,9.63,24.78,15,21.43,12.97,20.87,12.63,26.16,15.83,26.98,16.33,16.93,10.25,14.03,8.49,14.51,8.78,15.48,9.37,13.35,8.08,29.53,17.88,114.32,69.19,26.33,15.94,245.27,148.46,11.46,6.94,38.77,23.47,15.42,9.33,16.35,9.9,26.74,16.19,56.88,34.43,20.65,12.5,28.81,17.44,24.58,14.88,113.47,68.68,7.57,4.58,9.3,5.63,36.66,22.19,52.04,31.5,9.19,5.56,53.9,32.63,36.04,21.81,11.2,6.78,11.72,7.09,3.54,2.14,62.63,37.91,45.43,27.5,49.05,29.69
305,6.2,1000,120,5.94,500,60,5.68,250,12,8.9,1000,36,7.9,500,12,5.9,250,3,4.44,2.69,879.5,533.4,639.06,387.58,2.8968,82.01,49.74,41.15,24.96,69.46,42.13,17,10.31,24.22,14.69,21.53,13.06,21.38,12.97,24.32,14.75,26.66,16.17,18.14,11,16.33,9.91,14.76,8.95,15.56,9.44,13.67,8.29,26.9,16.31,119.31,72.36,25.87,15.69,220.85,133.94,10.61,6.44,38.54,23.38,15.9,9.65,17.6,10.67,27.21,16.5,60,36.39,23.24,14.09,29.37,17.81,24.53,14.88,116.33,70.55,6.18,3.75,9.77,5.93,36.89,22.38,52.35,31.75,9.74,5.91,56.06,34,35.14,21.31,11.85,7.19,12.34,7.48,3.43,2.08,63.93,38.77,48.54,29.44,49.26,29.88
306,6.21,1000,120,5.98,500,60,5.65,250,12,8.77,1000,36,7.77,500,12,5.77,250,3,4.56,2.77,895.59,543.87,635.94,386.19,3.4465,84.25,51.16,42.02,25.52,68.34,41.5,16.57,10.06,26.45,16.06,21.5,13.06,21.15,12.84,25.25,15.33,27.08,16.44,19.76,12,16.71,10.15,15.15,9.2,16.1,9.78,14.25,8.65,30.16,18.31,133.31,80.95,26.35,16,238.11,144.6,11.73,7.13,40.24,24.44,15.3,9.29,18.03,10.95,28.25,17.16,60.46,36.72,22.23,13.5,29.69,18.03,24.7,15,119.25,72.42,5.49,3.33,9.7,5.89,38.7,23.5,52.28,31.75,9.52,5.78,57.43,34.88,35.35,21.47,13.07,7.94,12.84,7.8,3.58,2.17,67.29,40.87,53.11,32.25,47.24,28.69
307,6.5,1000,120,6.22,500,60,5.71,250,12,8.77,1000,36,7.77,500,12,5.77,250,3,4.64,2.83,923.73,562.06,630.73,383.78,3.1976,85.8,52.21,42.31,25.74,71.08,43.25,16.43,10,26.71,16.25,19.27,11.73,21.47,13.06,27.12,16.5,26.48,16.11,19.72,12,16.52,10.05,14.71,8.95,16.68,10.15,14.75,8.97,26.81,16.31,151.87,92.41,25.58,15.56,225.14,136.99,11.3,6.88,44.84,27.28,16.16,9.83,17.32,10.54,29.38,17.88,59.45,36.17,23.01,14,29.74,18.09,30.81,18.75,129.25,78.64,5.48,3.33,9.86,6,39.44,24,55.88,34,10.36,6.3,56.7,34.5,37.13,22.59,14.79,9,12.81,7.8,3.77,2.3,68.07,41.42,55.06,33.5,46.53,28.31
308,6.22,1000,120,6,500,60,5.6,250,12,8.73,1000,36,7.73,500,12,5.73,250,3,4.83,2.94,922.22,561.88,628.79,383.1,3.808,87.22,53.14,43.54,26.53,66.06,40.25,16.93,10.31,27.7,16.88,20.36,12.41,21.23,12.94,27.77,16.92,28.36,17.28,21.95,13.38,17.93,10.93,14.28,8.7,17.38,10.59,17.62,10.74,27.7,16.88,148.21,90.3,26.26,16,225.9,137.63,14.46,8.81,42.16,25.69,16.07,9.79,18.42,11.22,28.31,17.25,58.3,35.52,25.03,15.25,28.16,17.16,31.8,19.38,130.44,79.47,6.15,3.75,10.04,6.11,41.03,25,54.98,33.5,10.04,6.11,56.01,34.13,37.13,22.63,16.31,9.94,13.95,8.5,3.5,2.13,66.26,40.37,52.52,32,44.83,27.31
309,6.17,1000,120,6.01,500,60,5.65,250,12,8.79,1000,36,7.79,500,12,5.79,250,3,5.1,3.12,959.09,585.87,627.4,383.25,3.164,96.07,58.68,45.46,27.77,64.05,39.13,17.24,10.53,25.48,15.56,19.24,11.75,22.82,13.94,28.78,17.58,29.92,18.28,21.38,13.06,19.82,12.1,15.71,9.6,18.01,11,19.19,11.72,24.66,15.06,154.24,94.22,27.32,16.69,222.78,136.09,12.79,7.81,38.57,23.56,17.29,10.56,18.89,11.54,30.08,18.38,62.43,38.13,27.88,17.03,29.72,18.16,30.29,18.5,143.35,87.57,5.46,3.33,9.76,5.96,44.71,27.31,57.09,34.88,10.44,6.38,59.34,36.25,36.68,22.41,17.19,10.5,15.22,9.3,3.04,1.86,66.39,40.56,56.17,34.31,46.14,28.19
310,5.98,1000,120,5.74,500,60,5.46,250,12,8.74,1000,36,7.74,500,12,5.74,250,3,5.5,3.37,950.7,581.5,629.75,385.19,3.822,92.44,56.54,46.77,28.61,61.51,37.63,15.12,9.25,22.07,13.5,19.67,12.03,23.4,14.31,26.02,15.92,30.16,18.44,21.15,12.94,19.87,12.16,14.59,8.92,17.1,10.46,18.85,11.53,19.01,11.63,129.64,79.3,27.28,16.69,222.49,136.09,11.85,7.25,39.75,24.31,17.17,10.5,17.3,10.58,33.21,20.31,63.77,39.01,26.92,16.47,31.22,19.09,34.13,20.88,137.61,84.17,6.81,4.17,8.72,5.33,45.57,27.88,55.79,34.13,9.37,5.73,62.13,38,36.12,22.09,17.27,10.56,14.41,8.81,2.81,1.72,60.06,36.74,53.85,32.94,46.59,28.5
311,5.71,1000,120,5.49,500,60,5.33,250,12,8.62,1000,36,7.62,500,12,5.62,250,3,5.51,3.38,988.44,605.37,632.46,387.35,2.7716,98.78,60.5,46.62,28.55,70.01,42.88,16.02,9.81,24.08,14.75,21.17,12.97,22.6,13.84,26.12,16,34.29,21,21.33,13.06,20.75,12.71,14.84,9.09,18.29,11.2,19.93,12.21,16.74,10.25,119.63,73.27,27.35,16.75,256.54,157.12,13.98,8.56,39.6,24.25,18.37,11.25,16.98,10.4,35.46,21.72,63.87,39.12,29.29,17.94,31.53,19.31,34.29,21,160.56,98.33,6.12,3.75,9.01,5.52,44.29,27.13,54.7,33.5,9.86,6.04,61.43,37.63,39.29,24.06,16.33,10,14.92,9.14,2.95,1.8,61.79,37.85,59.49,36.44,53.47,32.75
312,5.58,1000,120,5.38,500,60,5.18,250,12,8.39,1000,36,7.39,500,12,5.39,250,3,6,3.69,997.54,614.12,650.53,400.49,3.626,97.29,59.89,48.85,30.07,72.69,44.75,16.29,10.03,23.15,14.25,21.82,13.43,23.25,14.31,28.02,17.25,35.92,22.11,21.22,13.06,21.29,13.1,15.18,9.34,18.53,11.41,18.68,11.5,13.5,8.31,111.42,68.59,28.12,17.31,260.32,160.26,12.18,7.5,36.7,22.59,19.29,11.88,17.12,10.54,34.92,21.5,67.25,41.4,28.43,17.5,33.76,20.78,29.04,17.88,172.25,106.04,7.44,4.58,9.39,5.78,47,28.94,57.26,35.25,10.17,6.26,65.58,40.38,41.52,25.56,19.29,11.88,14.26,8.78,2.79,1.72,60.67,37.35,63.15,38.88,52.79,32.5
313,5.63,1000,120,5.24,500,60,4.88,250,12,8.15,1000,36,7.15,500,12,5.15,250,3,5.94,3.67,1031.12,636.02,655.82,404.53,2.8792,89,54.9,49.94,30.8,77.41,47.75,15.76,9.72,25.94,16,22.99,14.18,23.3,14.38,28.1,17.33,39.27,24.22,23.51,14.5,22.36,13.79,15.56,9.6,20.03,12.36,21.35,13.17,15.71,9.69,105.58,65.12,29.28,18.06,249.63,153.98,15,9.25,44.08,27.19,20.64,12.73,17.45,10.77,39.01,24.06,70.48,43.47,28.37,17.5,32.53,20.06,33.64,20.75,176.31,108.75,6.76,4.17,9.13,5.63,46.31,28.56,55.93,34.5,10,6.17,71.54,44.13,39.57,24.41,20.87,12.88,15.1,9.31,2.88,1.77,65.55,40.43,62.82,38.75,52.28,32.25
314,5.99,1000,120,5.6,500,60,5.07,250,12,8.29,1000,36,7.29,500,12,5.29,250,3,6.25,3.87,1034.93,640.43,640.17,396.15,2.9406,93.33,57.75,48.23,29.85,77.57,48,18.18,11.25,28.38,17.56,23.36,14.46,23.43,14.5,24.11,14.92,37.53,23.22,22.83,14.13,22.96,14.21,15.46,9.57,20.19,12.49,21.32,13.19,15.65,9.69,105.73,65.43,28.18,17.44,242.49,150.05,16.36,10.13,49.14,30.41,20.5,12.69,18.58,11.5,38.08,23.56,69.37,42.93,30.1,18.63,32.17,19.91,34.34,21.25,181.46,112.29,8.08,5,8.86,5.48,44.64,27.63,52.12,32.25,10.05,6.22,69.49,43,40.9,25.31,19.44,12.03,15.3,9.47,3.03,1.88,57.17,35.38,65.55,40.56,53.02,32.81
315,6.31,1000,120,6.09,500,60,5.41,250,12,8.36,1000,36,7.36,500,12,5.36,250,3,6.7,4.17,1039.11,645.5,632.3,392.79,3.5706,89.79,55.78,45.42,28.22,82.5,51.25,19.47,12.09,31.19,19.38,22.22,13.8,23.54,14.63,25.09,15.58,36.94,22.94,22.34,13.88,20.32,12.63,14.95,9.29,19.78,12.29,20.66,12.83,14.09,8.75,102.89,63.92,28.47,17.69,226.14,140.48,14.29,8.88,45.12,28.03,21.06,13.08,20.27,12.59,37.48,23.28,70.86,44.02,32.55,20.22,33.05,20.53,41.85,26,177.75,110.42,10.73,6.67,9.24,5.74,40.45,25.13,55.54,34.5,11.4,7.08,67.41,41.88,43.11,26.78,18.71,11.63,15.09,9.38,3.14,1.95,62.91,39.08,69.72,43.31,52.72,32.75
316,6.68,1000,120,6.39,500,60,5.6,250,12,8.36,1000,36,7.36,500,12,5.36,250,3,7.49,4.66,1051.05,654.17,629.76,391.96,3.864,103.37,64.34,46.6,29,83.35,51.88,20.28,12.63,32.23,20.06,22.63,14.08,22.24,13.84,26.51,16.5,38.29,23.83,22.39,13.94,20.52,12.77,14.65,9.12,19.25,11.98,20.08,12.5,14.96,9.31,118.44,73.72,31.53,19.63,238.53,148.46,13.05,8.13,43.28,26.94,20.65,12.85,21.18,13.18,36.95,23,65.82,40.97,31.93,19.88,33.99,21.16,41.97,26.13,163.35,101.67,16.07,10,10.36,6.45,40.17,25,53.42,33.25,12.65,7.88,65.07,40.5,43.63,27.16,17.57,10.94,14.28,8.89,3.13,1.95,63.38,39.45,65.77,40.94,52.82,32.88
317,6.85,1000,120,6.64,500,60,5.77,250,12,8.46,1000,36,7.46,500,12,5.46,250,3,7.65,4.77,1077.15,671.7,617.45,385.04,3.2889,111.54,69.55,44.8,27.94,81.38,50.75,20.5,12.78,39.19,24.44,23.48,14.64,23,14.34,25.93,16.17,36.26,22.61,23.45,14.63,21.62,13.48,15.43,9.62,19.22,11.98,20.33,12.68,14.23,8.88,127.64,79.6,31.97,19.94,251.03,156.54,15.33,9.56,43.15,26.91,22.18,13.83,21.36,13.32,39.19,24.44,68.14,42.49,32.47,20.25,34.73,21.66,47.51,29.63,168.38,105,12.7,7.92,10.46,6.52,39.19,24.44,54.92,34.25,13.66,8.52,64.34,40.13,41.99,26.19,17.54,10.94,14.71,9.17,2.77,1.73,63.65,39.69,68.75,42.88,55.12,34.38
318,6.74,1000,120,6.49,500,60,5.74,250,12,8.53,1000,36,7.53,500,12,5.53,250,3,6.65,4.16,1073.38,670.63,613.94,383.58,3.2718,113.08,70.65,45.7,28.55,77.23,48.25,17.81,11.13,37.41,23.38,22.84,14.27,21.86,13.66,28.94,18.08,36.19,22.61,25.31,15.81,21.11,13.19,15.72,9.82,20.65,12.9,20.98,13.11,11,6.88,123.3,77.03,31.31,19.56,242.64,151.6,13.6,8.5,39.71,24.81,23.17,14.48,19.06,11.91,39.81,24.88,71.67,44.78,33.11,20.69,34.81,21.75,48.02,30,184.56,115.31,11.34,7.08,9.61,6,39.51,24.69,55.62,34.75,13.75,8.59,68.02,42.5,43.16,26.97,17.51,10.94,14.33,8.95,2.85,1.78,58.8,36.74,70.42,44,55.52,34.69
319,6.65,1000,120,6.41,500,60,5.74,250,12,8.4,1000,36,7.4,500,12,5.4,250,3,5.76,3.6,1022.97,639.95,619.36,387.46,3.8458,106.36,66.53,42.59,26.64,70.53,44.13,16.43,10.28,36.87,23.06,21.02,13.15,21.63,13.53,26.24,16.42,34.46,21.56,23.48,14.69,21.51,13.46,15.74,9.85,18.02,11.27,19.05,11.92,9.59,6,103.38,64.67,31.87,19.94,234.43,146.66,11.09,6.94,43.16,27,21.88,13.69,19.03,11.91,38.16,23.88,66.71,41.73,34.32,21.47,32.84,20.55,40.36,25.25,167.84,105,10.66,6.67,9.71,6.08,38.86,24.31,54.75,34.25,12.29,7.69,66.34,41.5,43.91,27.47,18.98,11.88,11.61,7.27,2.5,1.56,60.1,37.6,70.73,44.25,51.9,32.47
320,6.96,1000,120,6.73,500,60,5.91,250,12,8.51,1000,36,7.51,500,12,5.51,250,3,5.56,3.49,1047.53,657.4,610.13,382.9,3.4869,117.3,73.62,40.75,25.57,73.7,46.25,15.39,9.66,27.09,17,22.63,14.2,21.96,13.78,25.89,16.25,35.85,22.5,25,15.69,20.05,12.58,16.23,10.18,19.64,12.32,20.34,12.76,10.26,6.44,104.01,65.28,31.47,19.75,257.49,161.59,13.15,8.25,45.66,28.66,22.44,14.08,19.41,12.18,39.84,25,64.93,40.75,35.3,22.16,31.97,20.06,44.02,27.63,176.27,110.63,10.62,6.67,9.92,6.23,37.35,23.44,57.76,36.25,13.64,8.56,65.93,41.38,46.71,29.31,18.32,11.5,13.2,8.28,2.35,1.48,63.45,39.82,72.8,45.69,54.08,33.94
321,6.65,1000,120,6.39,500,60,5.65,250,12,8.41,1000,36,7.41,500,12,5.41,250,3,4.7,2.96,1091.73,687.31,605.25,381.04,3.7855,113.01,71.15,42.5,26.75,73.66,46.38,14.94,9.41,31.37,19.75,23.8,14.98,23.88,15.03,28.06,17.67,38.3,24.11,26.41,16.63,20.42,12.85,17.51,11.03,18.55,11.68,21.16,13.32,11.62,7.31,98.66,62.11,33.95,21.38,262.08,164.99,12.31,7.75,49.24,31,24.09,15.17,18.12,11.4,40.7,25.63,64.55,40.64,34.7,21.84,33.06,20.81,50.03,31.5,195.57,123.13,10.59,6.67,10.19,6.41,38.12,24,60.36,38,12.81,8.06,64.73,40.75,49.69,31.28,22.78,14.34,13.92,8.77,2.43,1.53,66.18,41.67,75.15,47.31,55.3,34.81
322,6.38,1000,120,6.11,500,60,5.46,250,12,8.38,1000,36,7.38,500,12,5.38,250,3,4.16,2.63,1116.73,705.27,598.04,377.69,2.8938,97.01,61.26,42.99,27.15,72.84,46,14.3,9.03,29.69,18.75,26.98,17.04,22.66,14.31,31.27,19.75,40.82,25.78,27.41,17.31,21.74,13.73,18.04,11.39,17.95,11.34,22.98,14.51,14.05,8.88,87.84,55.48,36.42,23,237.01,149.69,10.39,6.56,51.02,32.22,25.6,16.17,18.06,11.4,39.39,24.88,67.63,42.71,37.36,23.59,35.13,22.19,50.67,32,214.75,135.63,11.88,7.5,10.39,6.56,38.6,24.38,63.73,40.25,13.76,8.69,65.91,41.63,50.87,32.13,21.67,13.69,13.24,8.36,2.4,1.52,66.76,42.16,74.42,47,60.57,38.25
323,6.06,1000,120,5.84,500,60,5.38,250,12,8.44,1000,36,7.44,500,12,5.44,250,3,4.28,2.71,1192.46,755,582.73,368.95,3.7122,101.71,64.39,44.48,28.16,76.6,48.5,17.23,10.91,28.43,18,27.38,17.34,25.22,15.97,35.14,22.25,42.91,27.17,29.02,18.38,24.48,15.5,19.81,12.54,18.18,11.51,24.57,15.56,19.35,12.25,106.19,67.24,39.88,25.25,245.66,155.54,11.55,7.31,62.44,39.53,27.01,17.1,18.81,11.91,42.15,26.69,63.67,40.31,40.87,25.88,37.07,23.47,51.53,32.63,236.91,150,11.85,7.5,10.95,6.93,41.46,26.25,72.26,45.75,15.25,9.66,65.55,41.5,54.69,34.63,23.05,14.59,14.39,9.11,2.42,1.53,65.23,41.3,78.67,49.81,66.24,41.94
324,6.43,1000,120,6.21,500,60,5.51,250,12,8.43,1000,36,7.43,500,12,5.43,250,3,4.07,2.58,1188.41,753.85,557.86,353.87,3.7468,109.3,69.33,47.14,29.9,81.58,51.75,14.34,9.09,30.54,19.38,27.79,17.63,25.72,16.31,35.86,22.75,44.32,28.11,28.38,18,24.99,15.85,18.4,11.67,17.82,11.3,24.22,15.36,20.1,12.75,117.64,74.62,37.93,24.06,242.47,153.81,9.16,5.81,60.59,38.44,26.7,16.94,18.48,11.72,40.3,25.56,63.9,40.53,39.81,25.25,39.16,24.84,49.07,31.13,248.29,157.5,15.11,9.58,11.52,7.31,42.17,26.75,75.28,47.75,15.72,9.97,65.62,41.63,56.31,35.72,23.99,15.22,15.89,10.08,2.56,1.63,63.55,40.31,84.04,53.31,67,42.5
325,6.53,1000,120,6.26,500,60,5.58,250,12,8.37,1000,36,7.37,500,12,5.37,250,3,4.25,2.7,1233.88,784.17,546.05,347.03,3.6828,123.61,78.56,47.32,30.07,86.15,54.75,14.95,9.5,30.09,19.13,24.81,15.77,26.6,16.91,35.53,22.58,45.37,28.83,29.7,18.88,25.8,16.4,19.25,12.23,20.41,12.97,26.29,16.71,27.44,17.44,126.67,80.5,39.34,25,250.17,158.99,10.92,6.94,62.01,39.41,27.9,17.73,18.66,11.86,44.94,28.56,64.8,41.19,42.48,27,41.11,26.13,59.01,37.5,281.92,179.17,13.77,8.75,12.73,8.09,42.68,27.13,72.38,46,14.75,9.38,66.09,42,55.61,35.34,26.41,16.78,14.97,9.52,2.54,1.62,64.01,40.68,83.39,53,67.66,43
326,6.56,1000,120,6.39,500,60,5.67,250,12,8.53,1000,36,7.53,500,12,5.53,250,3,4.65,2.96,1250.25,795.07,552.72,351.49,3.5154,127.93,81.36,48.61,30.91,83.74,53.25,14.15,9,27.52,17.5,23.1,14.69,25.75,16.38,32.43,20.63,44.47,28.28,30.86,19.63,26.86,17.08,20.12,12.79,19.86,12.63,26.82,17.06,27.72,17.63,105.25,66.93,38.33,24.38,259.54,165.05,9.73,6.19,56.27,35.78,27.42,17.44,18.87,12,45.01,28.63,60.48,38.46,48.16,30.63,39.31,25,56.61,36,277.81,176.67,16.38,10.42,12.02,7.64,44.13,28.06,67.62,43,16.02,10.19,64.67,41.13,52.29,33.25,26.34,16.75,16.31,10.38,2.46,1.56,65.33,41.54,80,50.88,72.04,45.81
327,6.9,1000,120,6.74,500,60,6,250,12,8.71,1000,36,7.71,500,12,5.71,250,3,4.92,3.13,1189.83,757.12,540.96,344.23,3,118.28,75.26,42.66,27.15,82.31,52.38,14.88,9.47,25.14,16,22.01,14.01,24.31,15.47,30.25,19.25,42.69,27.17,29.27,18.63,23.21,14.77,19.71,12.54,18.41,11.71,25.32,16.11,32.41,20.63,113.48,72.21,36.05,22.94,259.38,165.05,8.35,5.31,53.82,34.25,25.86,16.46,17.99,11.45,41.55,26.44,60.44,38.46,43.22,27.5,42.04,26.75,55.99,35.63,250.13,159.17,17.02,10.83,13.07,8.31,41.06,26.13,68.36,43.5,16.35,10.41,64.63,41.13,54.27,34.53,23.87,15.19,16.77,10.67,2.57,1.63,60.25,38.34,77.5,49.31,66,42
328,6.69,1000,120,6.55,500,60,5.89,250,12,8.7,1000,36,7.7,500,12,5.7,250,3,4.66,2.97,1259.32,801.34,540.74,344.09,4.123,126.82,80.7,47.88,30.46,82.31,52.38,15.47,9.84,24.36,15.5,22.63,14.4,24.31,15.47,31.04,19.75,45.92,29.22,30.84,19.63,24.06,15.31,21.52,13.69,20.43,13,26.8,17.06,33.49,21.31,108.98,69.35,36.83,23.44,256.62,163.29,7.46,4.75,63.06,40.13,28.97,18.44,19.93,12.68,47.64,30.31,60.27,38.35,47.44,30.19,43.81,27.88,51.47,32.75,290.08,184.58,17.02,10.83,12.89,8.2,43.22,27.5,63.65,40.5,17.58,11.19,63.25,40.25,53.97,34.34,19.01,12.09,17.78,11.31,2.62,1.66,65.48,41.67,77.5,49.31,68.07,43.31
329,6.67,1000,120,6.51,500,60,5.78,250,12,8.66,1000,36,7.66,500,12,5.66,250,3,4.25,2.71,1324,844.08,534.12,340.51,3.0056,137.43,87.62,48.23,30.75,90.39,57.63,18.53,11.81,29.02,18.5,24.27,15.47,24.66,15.72,31.18,19.88,49.93,31.83,30.59,19.5,24.87,15.85,21.87,13.94,21.94,13.99,30.02,19.14,30.49,19.44,122.25,77.94,41.18,26.25,204.27,130.23,10,6.38,66.66,42.5,31.57,20.13,20.89,13.32,46.08,29.38,60.5,38.57,45,28.69,45.59,29.06,56.66,36.13,278.42,177.5,15.69,10,13.51,8.61,44.8,28.56,67.84,43.25,18.77,11.97,62.74,40,55.68,35.5,20.88,13.31,18.72,11.94,2.79,1.78,74.06,47.21,82.64,52.69,72.35,46.13
330,6.45,1000,120,6.33,500,60,5.64,250,12,8.6,1000,36,7.6,500,12,5.6,250,3,3.65,2.33,1386.68,885.14,507.43,323.9,3.6096,162.54,103.75,53.63,34.23,99.19,63.31,19.19,12.25,30.74,19.63,28.54,18.22,25.41,16.22,30.35,19.38,53.79,34.33,35.25,22.5,26.14,16.69,23.34,14.9,22.66,14.46,30.59,19.53,27.81,17.75,144.06,91.96,43.28,27.63,195.63,124.88,8.52,5.44,70.69,45.13,34.43,21.98,21.87,13.96,50.43,32.19,65.8,42,50.92,32.5,48.17,30.75,60.51,38.63,332.91,212.5,16.97,10.83,13.61,8.69,48.22,30.78,74.41,47.5,20.78,13.27,65.6,41.88,58.45,37.31,24.09,15.38,20.1,12.83,2.94,1.88,75.13,47.95,83.62,53.38,79.9,51
331,6.2,1000,120,6.08,500,60,5.52,250,12,8.6,1000,36,7.6,500,12,5.6,250,3,4.2,2.69,1491.29,954.29,506.35,324.02,3.864,169.09,108.2,50.99,32.63,100.99,64.63,22.07,14.13,32.23,20.63,27.4,17.53,26.96,17.25,32.72,20.94,58.15,37.21,40,25.59,28.16,18.02,22.95,14.69,24.48,15.67,34.64,22.17,27.54,17.63,151.13,96.71,47.17,30.19,188.18,120.42,8.69,5.56,82.43,52.75,36.46,23.33,23.24,14.87,48.44,31,69.04,44.18,55.43,35.47,50.2,32.13,62.9,40.25,375.05,240,15.63,10,14.94,9.56,46.2,29.56,76.96,49.25,25.25,16.16,69.74,44.63,63.29,40.5,28.01,17.92,22.22,14.22,2.91,1.86,86.69,55.47,91.71,58.69,73.84,47.25
332,6.34,1000,120,6.22,500,60,5.59,250,12,8.6,1000,36,7.6,500,12,5.6,250,3,4.19,2.69,1408.68,903.67,503.68,323.11,3.6335,155.06,99.47,51.3,32.91,96.06,61.63,22.9,14.69,31.08,19.94,27.89,17.89,25.28,16.22,33.03,21.19,52.94,33.96,39.65,25.44,25.93,16.64,20.93,13.42,22.78,14.62,31.67,20.32,29.52,18.94,140.06,89.85,44.04,28.25,195.2,125.22,8.18,5.25,78.38,50.28,32.48,20.83,24.68,15.83,44.52,28.56,66.32,42.55,46.77,30,47.59,30.53,65.28,41.88,329.63,211.46,14.61,9.37,15.2,9.75,42.28,27.13,80.28,51.5,22.53,14.45,68.3,43.81,65.47,42,27.65,17.73,18.71,12,3.24,2.08,81.86,52.51,85.74,55,70.29,45.09
333,6.04,1000,120,5.93,500,60,5.44,250,12,8.65,1000,36,7.65,500,12,5.65,250,3,3.99,2.56,1473.92,947.28,504.69,324.36,3.264,172.2,110.67,56.58,36.37,106.19,68.25,24.8,15.94,29.08,18.69,30.64,19.69,26.89,17.28,35.98,23.13,54.98,35.33,42.01,27,29.56,19,22.39,14.39,22.16,14.24,32.2,20.69,22.95,14.75,135.11,86.83,46.68,30,210.26,135.13,8.27,5.31,82.56,53.06,35.53,22.83,25.55,16.42,45.22,29.06,67.13,43.15,48.72,31.31,49.98,32.13,62.24,40,361.76,232.5,16.86,10.83,17.2,11.05,48.19,30.97,90.25,58,23.34,15,70.89,45.56,70.41,45.25,21.73,13.97,15.9,10.22,3.37,2.16,84.78,54.49,84.7,54.44,72.35,46.5
334,5.84,1000,120,5.72,500,60,5.36,250,12,8.74,1000,36,7.74,500,12,5.74,250,3,4.35,2.8,1404.34,903.68,474.83,305.55,3.6448,164.05,105.57,56.25,36.2,97.9,63,23.75,15.28,28.65,18.44,28.45,18.31,25.74,16.56,30.69,19.75,55.94,36,42.25,27.19,28.88,18.58,21.23,13.66,19.84,12.76,27.28,17.56,18.26,11.75,114.21,73.49,43.71,28.13,218.4,140.54,7.67,4.94,76.44,49.19,33.61,21.63,25.1,16.15,44.53,28.66,66.04,42.49,46.62,30,47.59,30.63,58.66,37.75,367.79,236.67,15.02,9.67,16.22,10.44,49.63,31.94,92.08,59.25,24.38,15.69,73.33,47.19,68.67,44.19,18.04,11.61,13.99,9,3.41,2.2,71.36,45.92,73.43,47.25,72.07,46.38
335,5.86,1000,120,5.83,500,60,5.56,250,12,8.8,1000,36,7.8,500,12,5.8,250,3,4.39,2.83,1483.8,955.4,448.2,288.59,3.6696,158.96,102.36,61.98,39.91,94.35,60.75,22.96,14.78,28.44,18.31,27.31,17.59,28.78,18.53,27.86,17.94,55,35.42,42.22,27.19,27.53,17.73,22.7,14.62,21.38,13.77,28.9,18.61,17.08,11,118.23,76.13,47.08,30.31,220.45,141.94,6.99,4.5,85.42,55,38.54,24.81,24.62,15.85,49.21,31.69,70.73,45.54,46.79,30.13,47.37,30.5,51.54,33.19,396.03,255,15.53,10,15.86,10.22,56.69,36.5,95.9,61.75,25.84,16.64,77.27,49.75,63.77,41.06,18.25,11.75,14.72,9.48,3.76,2.42,73.33,47.21,83.48,53.75,76.15,49.03
336,5.75,1000,120,5.71,500,60,5.51,250,12,8.54,1000,36,7.54,500,12,5.54,250,3,4.11,2.65,1505.92,970.84,448.51,289.15,3.6917,147.27,94.94,63.04,40.64,97.63,62.94,22.98,14.81,29.28,18.88,27.28,17.59,28.31,18.25,31.22,20.13,59.2,38.17,49.54,31.94,27.5,17.73,23.3,15.02,20.98,13.53,29.72,19.16,13.48,8.69,106.86,68.89,52.35,33.75,214.53,138.3,4.75,3.06,80.66,52,38.42,24.77,27.67,17.84,51.19,33,75.21,48.49,47.7,30.75,47.79,30.81,60.49,39,416.87,268.75,14.87,9.58,15.35,9.9,57.34,36.97,106.25,68.5,26.37,17,80.17,51.69,61.37,39.56,17.94,11.56,13.62,8.78,3.44,2.22,67.21,43.33,75.13,48.44,64.76,41.75
337,5.53,1000,120,5.39,500,60,5.24,250,12,8.54,1000,36,7.54,500,12,5.54,250,3,4.23,2.73,1528.64,985.49,461.45,297.49,2.9344,165.54,106.72,64.78,41.76,96.66,62.31,19.24,12.41,27.63,17.81,27.6,17.79,29.06,18.73,28.5,18.38,57.91,37.33,46.15,29.75,25.98,16.75,24.85,16.02,23.07,14.87,29.88,19.26,15.51,10,112.83,72.74,48.47,31.25,211.71,136.48,4.75,3.06,76.25,49.16,39.85,25.69,28.69,18.5,51.91,33.47,73.6,47.45,47.6,30.69,46.97,30.28,56.81,36.63,388.76,250.63,16.93,10.92,15.44,9.95,60.74,39.16,87.06,56.13,27.99,18.05,77.17,49.75,62.82,40.5,19.95,12.86,14.53,9.37,3.13,2.02,71.9,46.35,73.68,47.5,65.54,42.25
338,5.62,1000,120,5.59,500,60,5.41,250,12,8.58,1000,36,7.58,500,12,5.58,250,3,4.16,2.69,1626.64,1048.67,459.05,295.94,3.1378,179.46,115.69,62.08,40.02,107.42,69.25,22.39,14.44,31.02,20,28.39,18.31,27.92,18,29.96,19.31,61.92,39.92,48.04,30.97,26.11,16.83,25.81,16.64,23.46,15.12,32.75,21.11,19.68,12.69,106.05,68.37,55.16,35.56,209.03,134.76,6.11,3.94,81.29,52.41,39.55,25.5,32.13,20.71,57.78,37.25,74.87,48.27,53.03,34.19,48.81,31.47,62.14,40.06,433.35,279.38,20.04,12.92,15.61,10.07,58.94,38,91.91,59.25,29.84,19.23,75.04,48.38,63.6,41,23.15,14.92,16.97,10.94,3.17,2.04,72.18,46.54,83.67,53.94,66.99,43.19
339,5.62,1000,120,5.59,500,60,5.37,250,12,8.58,1000,36,7.58,500,12,5.58,250,3,3.94,2.54,1706.87,1101.75,477.61,308.29,3.5979,215.34,139,71.32,46.03,117.26,75.69,24.64,15.91,31.47,20.31,28.04,18.1,29.34,18.94,29.44,19,66.88,43.17,52.43,33.84,26.89,17.35,26.47,17.09,23.19,14.97,35.29,22.78,22.66,14.63,112.34,72.51,65.07,42,241.44,155.84,9,5.81,80.46,51.94,44.28,28.58,36.61,23.63,56.79,36.66,80.18,51.75,56.5,36.47,52.48,33.88,69.23,44.69,468.16,302.19,20.91,13.5,17.38,11.22,66.81,43.13,90.44,58.38,34.08,22,77.95,50.31,67.1,43.31,25.85,16.69,16.13,10.41,3.17,2.05,71.81,46.35,80.75,52.13,71.75,46.31
340,5.67,1000,120,5.63,500,60,5.41,250,12,8.59,1000,36,7.59,500,12,5.59,250,3,3.88,2.51,1718.13,1111.75,462.24,299.1,3.246,232.63,150.53,65.84,42.61,108.18,70,25.28,16.36,30.52,19.75,27.34,17.69,26.13,16.91,29.94,19.38,66.26,42.88,52.11,33.72,25.71,16.64,25.39,16.43,23.35,15.11,35.8,23.17,21.35,13.81,103.44,66.93,65.87,42.63,228.09,147.59,10.82,7,89.59,57.97,44.01,28.48,40.34,26.1,56.02,36.25,78.13,50.56,59.11,38.25,57.18,37,75.53,48.88,479.08,310,21.83,14.13,16.62,10.76,64.42,41.69,96.59,62.5,34,22,73.79,47.75,73.12,47.31,27.94,18.08,15.72,10.17,3.73,2.41,79.92,51.71,79.11,51.19,72.92,47.19
341,5.53,1000,120,5.53,500,60,5.4,250,12,8.6,1000,36,7.6,500,12,5.6,250,3,3.69,2.39,1683.71,1090.82,451.2,292.32,3.132,209.21,135.54,64.55,41.82,110.56,71.63,27.78,18,28.75,18.63,23.97,15.53,26.43,17.13,32.41,21,65.73,42.58,51.08,33.09,23.28,15.08,25.64,16.61,23.92,15.5,35.12,22.75,15.29,9.91,97.85,63.39,70.91,45.94,235.22,152.39,8.78,5.69,90.59,58.69,42.9,27.79,44.48,28.82,53.93,34.94,77.7,50.34,57.98,37.56,54.41,35.25,72.55,47,471.26,305.31,23.92,15.5,15.88,10.29,59.62,38.63,97.24,63,35.79,23.19,70.33,45.56,67.24,43.56,24.6,15.94,15.05,9.75,3.8,2.46,70.59,45.73,73.7,47.75,71.68,46.44
342,5.44,1000,120,5.43,500,60,5.37,250,12,8.59,1000,36,7.59,500,12,5.59,250,3,3.8,2.47,1745.82,1133.84,450.94,292.87,2.8998,210.98,137.02,63.7,41.37,100.18,65.06,30.02,19.5,25.79,16.75,24.46,15.89,26.46,17.19,33.59,21.81,72.75,47.25,52.06,33.81,22.37,14.53,28.51,18.52,22.58,14.67,35.8,23.25,13.33,8.66,97.61,63.39,65.73,42.69,220.43,143.16,8.28,5.38,89.31,58,47.06,30.56,49.71,32.29,56.78,36.88,79.69,51.75,59.28,38.5,55.48,36.03,76.79,49.88,472.99,307.19,22.07,14.33,16.02,10.4,60.43,39.25,101.82,66.13,37.92,24.63,70.06,45.5,68.52,44.5,27.96,18.16,14.82,9.63,3.87,2.51,65.77,42.71,69.67,45.25,63.32,41.13
343,5.5,1000,120,5.52,500,60,5.38,250,12,8.58,1000,36,7.58,500,12,5.58,250,3,3.34,2.17,1757.69,1142.95,436.92,284.11,3.0666,218.83,142.29,63.27,41.14,94.96,61.75,24.51,15.94,23.64,15.38,22.14,14.4,24.03,15.63,33.83,22,71.13,46.25,55.41,36.03,21,13.66,29.64,19.27,25.03,16.28,34.47,22.42,13.46,8.75,96.1,62.49,63.05,41,204.53,133,8.27,5.38,102.46,66.63,46.81,30.44,50.92,33.11,61.03,39.69,77.58,50.45,62.38,40.56,55.36,36,83.81,54.5,524.79,341.25,20.12,13.08,16.08,10.46,64.11,41.69,92.08,59.88,37.63,24.47,67.86,44.13,61.99,40.31,29.65,19.28,13.54,8.8,4.21,2.73,66.54,43.27,60.17,39.13,58.34,37.94
344,5.05,1000,120,4.91,500,60,4.87,250,12,8.41,1000,36,7.41,500,12,5.41,250,3,3.12,2.03,1471.26,957.28,444.14,288.98,3.1655,177.94,115.78,60.99,39.68,76.85,50,23.34,15.19,21.52,14,19.91,12.96,25.17,16.38,25.36,16.5,64.42,41.92,42.65,27.75,21.48,13.98,26.73,17.39,22.25,14.48,29.87,19.44,10.23,6.66,79.7,51.86,49.76,32.38,164.47,107.01,4.99,3.25,86.84,56.5,41.5,27,37.16,24.18,53.12,34.56,83.06,54.04,44.57,29,49.57,32.25,68.58,44.63,339.08,220.63,14.98,9.75,11.86,7.72,58.4,38,100.09,65.13,30.35,19.75,69.16,45,56.87,37,26.61,17.31,11.82,7.69,3.57,2.32,53.81,35.01,49.37,32.13,52.06,33.88
345,4.33,1000,120,4.1,500,60,4.28,250,12,8.21,1000,36,7.21,500,12,5.21,250,3,3.14,2.05,1559.25,1017.01,453.71,295.93,2.3968,170.69,111.33,66.53,43.39,78.96,51.5,18.4,12,23.76,15.5,21.77,14.2,26.73,17.44,30.57,19.94,65.42,42.67,45.9,29.94,21.5,14.02,29.25,19.08,24.67,16.09,33.47,21.83,14.04,9.16,77.31,50.43,42.74,27.88,182.61,119.11,6.13,4,95.87,62.53,39.89,26.02,39.18,25.55,59.12,38.56,88.45,57.69,39.86,26,53.8,35.09,72.06,47,277.89,181.25,13.54,8.83,16.12,10.51,67.65,44.13,91.99,60,26.83,17.5,74.65,48.69,67.65,44.13,19.36,12.63,13.03,8.5,3.38,2.2,69.27,45.18,52.61,34.31,56.25,36.69
346,4.64,1000,120,4.24,500,60,4.18,250,12,8.24,1000,36,7.24,500,12,5.24,250,3,3.35,2.19,1662.88,1085.93,450.46,294.17,2.1318,196.71,128.46,72.99,47.66,82.31,53.75,20.86,13.63,20.67,13.5,22.16,14.47,27.73,18.11,34.65,22.63,62.27,40.67,53.31,34.81,23.86,15.58,32.78,21.41,24.9,16.26,35.73,23.33,16.08,10.5,96.03,62.71,50.34,32.88,205.19,134,7.56,4.94,114.46,74.75,44.79,29.25,43.76,28.58,63.5,41.47,84.59,55.24,43.64,28.5,56.23,36.72,64.6,42.19,355.07,231.88,16.46,10.75,14.81,9.67,70.06,45.75,94.84,61.94,31.92,20.84,74.65,48.75,68.33,44.63,21.15,13.81,13.88,9.06,3.87,2.53,67.77,44.26,55.8,36.44,59.62,38.94
347,4.67,1000,120,4.43,500,60,4.46,250,12,8.14,1000,36,7.14,500,12,5.14,250,3,3.49,2.29,1778.61,1163.63,445.83,291.68,3.0774,214.98,140.65,75.6,49.46,86.74,56.75,28.37,18.56,19.2,12.56,24.1,15.77,28.87,18.89,31.81,20.81,58.78,38.46,56.27,36.81,25.41,16.63,32.94,21.55,26.23,17.16,39.55,25.88,20.35,13.31,112.79,73.79,54.26,35.5,183.42,120,6.88,4.5,124.96,81.75,45.63,29.85,46.41,30.36,61.95,40.53,83.6,54.7,49.53,32.41,55.41,36.25,65.53,42.88,372.57,243.75,15.41,10.08,13.02,8.52,73.75,48.25,89.42,58.5,33.77,22.09,71.46,46.75,69.45,45.44,19.3,12.63,14.68,9.6,4.08,2.67,65.48,42.84,62.1,40.63,61.38,40.16
348,4.65,1000,120,4.56,500,60,4.53,250,12,7.89,1000,36,6.89,500,12,4.89,250,3,3.26,2.13,1879.58,1231.93,437.99,287.07,2.5368,240.34,157.53,79.24,51.94,76.67,50.25,26.32,17.25,16.78,11,22.32,14.63,29.73,19.48,32.23,21.13,56.77,37.21,61.22,40.13,24.98,16.38,33.39,21.88,26.39,17.3,39.73,26.04,22.31,14.63,112.47,73.72,57.31,37.56,184.52,120.94,6.58,4.31,142.46,93.38,51.91,34.02,48.84,32.01,64.22,42.09,85.45,56,46.53,30.5,56.64,37.13,68.66,45,382.86,250.94,15.38,10.08,13.42,8.8,80.86,53,87.35,57.25,40.29,26.41,71.61,46.94,63.37,41.53,20.07,13.16,15.23,9.98,4.23,2.77,66.49,43.58,48.54,31.81,56.12,36.78
349,4.75,1000,120,4.65,500,60,4.58,250,12,7.9,1000,36,6.9,500,12,4.9,250,3,3.29,2.16,1952.37,1279.64,438.38,287.33,2.9312,246.5,161.56,81.81,53.62,75.9,49.75,31.94,20.94,16.88,11.06,20.1,13.17,32.23,21.13,31.66,20.75,51.62,33.83,57.98,38,21.66,14.2,32.15,21.07,29.34,19.23,41.96,27.5,19.02,12.47,133.06,87.21,68.28,44.75,177.36,116.25,10.39,6.81,140.75,92.25,53.37,34.98,51.09,33.49,64.75,42.44,82.2,53.88,50.83,33.31,53.45,35.03,76.67,50.25,429.11,281.25,18.94,12.42,10.47,6.86,82.48,54.06,87.16,57.13,48.82,32,66.85,43.81,62.84,41.19,18.5,12.13,17.36,11.38,4.3,2.82,61.69,40.43,52.92,34.69,59.5,39
350,5.4,1000,120,5.32,500,60,4.91,250,12,7.91,1000,36,6.91,500,12,4.91,250,3,3.22,2.11,1888.2,1238.33,436.03,285.96,2.8478,225,147.56,78.16,51.26,71.67,47,30.73,20.16,14.49,9.5,19.92,13.07,30.66,20.11,31.26,20.5,59.66,39.13,57.75,37.88,19.62,12.86,31.19,20.45,28.94,18.98,40.03,26.25,14.25,9.34,128.03,83.97,61.85,40.56,174.4,114.38,7.53,4.94,129.23,84.75,50.89,33.38,49.23,32.29,64.61,42.38,75.59,49.58,49.79,32.66,50.56,33.16,73.57,48.25,453.15,297.19,20.2,13.25,9.46,6.21,80.43,52.75,88.06,57.75,48.03,31.5,63.47,41.63,64.52,42.31,20.97,13.75,14.1,9.25,3.93,2.58,63.63,41.73,54.13,35.5,56.37,36.97
351,5.27,1000,120,5.15,500,60,4.73,250,12,7.88,1000,36,6.88,500,12,4.88,250,3,3.36,2.22,1948.44,1286.37,428.08,282.62,2.5542,211.79,139.82,70.07,46.26,75.73,50,31.05,20.5,15.34,10.13,19.14,12.63,28.61,18.89,31.34,20.69,63.68,42.04,53.87,35.56,18.84,12.44,31.66,20.9,27.25,17.99,42.6,28.13,11.79,7.78,135.63,89.55,66.74,44.06,176.08,116.25,7.01,4.63,134.29,88.66,56.04,37,47.45,31.32,70.62,46.63,72.62,47.94,53.39,35.25,53.25,35.16,69.68,46,488.49,322.5,23.35,15.42,12.37,8.16,73.27,48.38,84.06,55.5,51.4,33.94,59.92,39.56,74.88,49.44,30.58,20.19,15.81,10.44,4.43,2.92,63.95,42.22,51.5,34,53.77,35.5
352,5.36,1000,120,5.24,500,60,4.78,250,12,7.92,1000,36,6.92,500,12,4.92,250,3,3.3,2.18,2032.74,1342.83,418.47,276.44,2.7724,227.86,150.53,79.73,52.67,86.1,56.88,26.92,17.78,15.99,10.56,20.6,13.61,28.19,18.63,31.79,21,69.76,46.08,60.17,39.75,18.8,12.42,32.36,21.38,26.31,17.38,44.47,29.38,12.54,8.28,145.25,95.95,71.15,47,227.07,150,6.91,4.56,157.81,104.25,55.25,36.5,54.64,36.1,74.7,49.34,73.89,48.81,55.06,36.38,63.77,42.13,84.77,56,578.54,382.19,29.27,19.33,13.94,9.21,84.58,55.88,83.26,55,50.38,33.28,62.35,41.19,85.53,56.5,32.12,21.22,16.7,11.03,5.28,3.49,83.97,55.47,61.5,40.63,66.98,44.25
353,5.78,1000,120,5.74,500,60,5.09,250,12,8.13,1000,36,7.13,500,12,5.13,250,3,3.27,2.16,1970.69,1301.84,395.56,261.31,3.2576,224.37,148.22,74.53,49.24,90.35,59.69,27.25,18,16.94,11.19,19.61,12.96,30.56,20.19,34.91,23.06,65.19,43.06,54.87,36.25,20.48,13.53,30.75,20.31,26.54,17.53,46.93,31,14.05,9.28,150.73,99.57,69.63,46,212.87,140.63,7.1,4.69,172,113.63,51.53,34.04,47.94,31.67,69.96,46.22,79.33,52.41,49.1,32.44,60.27,39.81,79.66,52.63,498.13,329.06,24.6,16.25,13.4,8.85,77.77,51.38,82.31,54.38,48.16,31.81,65.57,43.31,82.03,54.19,28.62,18.91,17.15,11.33,4.6,3.04,75.48,49.86,63.67,42.06,64.71,42.75
354,5.85,1000,120,5.73,500,60,5.09,250,12,8.24,1000,36,7.24,500,12,5.24,250,3,3.14,2.08,2069.24,1372.71,386.02,256.08,3.0031,233.86,155.14,85.41,56.66,88.94,59,25.25,16.75,16.11,10.69,19.94,13.23,30.29,20.09,34.11,22.63,59.73,39.63,54.55,36.19,19.82,13.15,30.37,20.14,24.82,16.47,44.91,29.79,13.33,8.84,172.37,114.35,74.24,49.25,251.55,166.88,6.97,4.63,195.96,130,56.31,37.35,47.63,31.6,73.39,48.69,71.45,47.4,55.26,36.66,58.13,38.56,80.65,53.5,537.72,356.72,25.88,17.17,14.61,9.69,86.68,57.5,84.79,56.25,50.31,33.38,56.62,37.56,83.47,55.38,32.69,21.69,16.68,11.06,4.22,2.8,74.89,49.68,66.33,44,64.82,43
355,5.92,1000,120,5.82,500,60,5.13,250,12,8.41,1000,36,7.41,500,12,5.41,250,3,3.06,2.03,2016.65,1341.03,386.01,256.69,3.4884,196.4,130.6,88.33,58.74,82.33,54.75,23.73,15.78,15.88,10.56,18.43,12.26,31.65,21.05,29.23,19.44,56.58,37.63,53.95,35.88,17.81,11.84,29.32,19.5,28.21,18.76,44.27,29.44,13.16,8.75,164.59,109.45,74.06,49.25,270.69,180,6.58,4.38,189.39,125.94,56.05,37.27,42.77,28.44,70.16,46.66,68.9,45.82,51.41,34.19,59.26,39.41,39.1,26,517.4,344.06,25.06,16.67,13.57,9.02,84.87,56.44,89.48,59.5,50.24,33.41,53.2,35.38,87.6,58.25,32.28,21.47,15.79,10.5,4.44,2.95,76.93,51.16,68.05,45.25,68.24,45.38
356,5.99,1000,120,5.88,500,60,5.3,250,12,8.5,1000,36,7.5,500,12,5.5,250,3,3.31,2.21,1977.36,1320.41,396.46,264.74,2.756,189.41,126.48,82.57,55.14,84.24,56.25,21.11,14.09,14.51,9.69,17.66,11.79,31.17,20.81,23.96,16,49.79,33.25,49.98,33.38,19.66,13.13,29.03,19.39,27.25,18.2,44.86,29.96,15.58,10.41,166.61,111.25,70.76,47.25,248.5,165.94,9.55,6.38,188.13,125.63,56.28,37.58,42.9,28.65,76.56,51.13,75.06,50.12,45.21,30.19,59.15,39.5,32.76,21.88,499.1,333.28,25.96,17.33,13.87,9.26,71.88,48,86.3,57.63,43.38,28.97,54.38,36.31,84.24,56.25,25.27,16.88,14.58,9.73,4.21,2.81,71.26,47.58,67.86,45.31,70.81,47.28
357,6,1000,120,5.9,500,60,5.3,250,12,9.13,1000,36,8.13,500,12,6.13,250,3,3.06,2.05,1917.47,1282.71,464.48,310.72,2.756,165.44,110.67,90.49,60.54,72.03,48.19,20.18,13.5,13.27,8.88,16.52,11.05,30.18,20.19,24.57,16.44,43.35,29,47.84,32,17.5,11.71,24.79,16.58,24.51,16.4,38.37,25.67,12.8,8.56,159.32,106.58,74.28,49.69,253.66,169.69,8.13,5.44,180.88,121,58.74,39.29,42,28.1,68.86,46.06,71.83,48.05,41.53,27.78,56.76,37.97,28.4,19,482.09,322.5,24.91,16.67,12.9,8.63,76.42,51.13,85.11,56.94,44.85,30,51.29,34.31,83.71,56,17.94,12,8.97,6,4.13,2.77,70.95,47.46,63.81,42.69,71.89,48.09
358,6.06,1000,120,6,500,60,5.47,250,12,9,1000,36,8,500,12,6,250,3,2.96,1.98,2033.76,1362.93,437.48,293.18,3.282,110.59,74.11,87.48,58.62,58.94,39.5,18.61,12.47,13.34,8.94,16.58,11.11,32.46,21.75,23.13,15.5,53.35,35.75,54.37,36.44,17.56,11.77,27.13,18.18,26.44,17.72,37.18,24.92,14.88,9.97,178.05,119.32,89.25,59.81,257.4,172.5,8.49,5.69,146.98,98.5,66.46,44.54,45.1,30.22,78.53,52.63,73.41,49.19,48.12,32.25,55.26,37.03,27.42,18.38,601.54,403.13,25.37,17,13.05,8.74,77.59,52,79.23,53.09,48.45,32.47,51.2,34.31,85.8,57.5,15.16,10.16,9.38,6.29,3.76,2.52,77.26,51.78,67.06,44.94,70.97,47.56
359,6.21,1000,120,6.14,500,60,5.73,250,12,9.05,1000,36,8.05,500,12,6.05,250,3,3.02,2.03,2067.62,1388.91,421.4,283.07,3.4953,104.44,70.16,84.68,56.88,50.24,33.75,20.52,13.78,13.21,8.88,16.63,11.17,27.87,18.72,25.59,17.19,52.75,35.44,47.92,32.19,15.82,10.63,25.39,17.06,27.39,18.4,40.44,27.17,21.03,14.13,205.12,137.79,100.3,67.38,276.33,185.63,15.17,10.19,152.68,102.56,64.63,43.42,41.31,27.75,76.85,51.63,65.37,43.91,42.52,28.56,58.99,39.63,23.82,16,592.44,397.97,29.03,19.5,11.74,7.88,77.5,52.06,76.48,51.38,52.38,35.19,46.33,31.13,87.83,59,15.54,10.44,10.18,6.84,3.44,2.31,76.25,51.22,60.48,40.63,70.48,47.34
360,6.45,1000,120,6.36,500,60,5.98,250,12,8.95,1000,36,7.95,500,12,5.95,250,3,3.04,2.04,2173.66,1464.47,422.01,284.32,3.588,89.22,60.11,82.18,55.36,40.08,27,19.11,12.88,12.71,8.56,16.16,10.88,26.11,17.59,24.21,16.31,59.28,39.94,40.45,27.25,15.06,10.15,24.28,16.36,25.19,16.97,39.46,26.58,21.1,14.22,264.03,177.89,132.84,89.5,311.7,210,94.25,63.5,162.06,109.19,76.56,51.58,43.64,29.4,69.39,46.75,65.17,43.91,37.52,25.28,59.79,40.28,25.23,17,615.04,414.38,31.91,21.5,11.07,7.46,71.34,48.06,70.87,47.75,54.73,36.88,48.05,32.38,87.57,59,16.23,10.94,10.24,6.9,3.53,2.38,78.49,52.88,61.23,41.25,71.85,48.41
361,6.62,1000,120,6.68,500,60,6.3,250,12,9.01,1000,36,8.01,500,12,6.01,250,3,3.28,2.22,2061.23,1394.46,443.24,299.86,3.717,81.55,55.17,80.76,54.63,35.01,23.69,16.21,10.97,13.86,9.38,15.75,10.66,23.33,15.78,20.23,13.69,38.62,26.13,41.57,28.13,13.8,9.33,21.48,14.53,25.64,17.35,35.48,24,26.98,18.25,245.56,166.13,149.57,101.19,328.43,222.19,42.13,28.5,166.11,112.38,66.15,44.75,40.31,27.27,63.14,42.72,74.25,50.23,35.57,24.06,61.57,41.66,25.87,17.5,638.15,431.72,26.36,17.83,11.21,7.59,63.56,43,75.29,50.94,48.78,33,49.52,33.5,77.97,52.75,15.34,10.38,10.14,6.86,3.34,2.26,68.24,46.17,65.32,44.19,69.75,47.19
362,6.39,1000,120,6.59,500,60,6.17,250,12,9.14,1000,36,8.14,500,12,6.14,250,3,3.28,2.23,2007.97,1366.42,420.85,286.39,4.0722,85.91,58.47,70.21,47.78,33.25,22.63,15.66,10.66,14.42,9.81,13.25,9.01,24.29,16.53,15.34,10.44,30.86,21,34.44,23.44,10.91,7.43,21.85,14.87,21.88,14.89,36.28,24.69,29.3,19.94,303.94,206.83,162.38,110.5,336.15,228.75,48.03,32.69,149.89,102,65.39,44.5,33.82,23.01,53.09,36.13,62.92,42.82,33.8,23,55.38,37.69,22.23,15.13,586.89,399.38,22.78,15.5,9.59,6.52,58.87,40.06,74.58,50.75,43.3,29.47,41.33,28.13,70.35,47.88,13.32,9.06,7.68,5.23,2.5,1.7,54.07,36.8,53.82,36.63,64.06,43.59
363,6.03,1000,120,6.32,500,60,6.28,250,12,9.28,1000,36,8.28,500,12,6.28,250,3,3.47,2.36,2187.79,1487.92,411.25,279.69,4.2076,102.67,69.83,82.65,56.21,34.37,23.38,21.18,14.41,12.87,8.75,13.84,9.41,26.47,18,15.9,10.81,47.24,32.13,39.33,26.75,12.01,8.17,23.43,15.94,24.66,16.77,37.74,25.67,43.93,29.88,262,178.19,183.43,124.75,347.37,236.25,37.13,25.25,180.3,122.63,78.05,53.08,37.62,25.59,52.2,35.5,66.17,45,37.49,25.5,57.99,39.44,20.31,13.81,662.36,450.47,24.63,16.75,11.18,7.61,62.49,42.5,76.23,51.84,56.79,38.63,43.65,29.69,81.05,55.13,15.35,10.44,9.92,6.75,2.98,2.02,59.45,40.43,56.79,38.63,66.44,45.19
364,6.29,1000,120,6.59,500,60,6.24,250,12,9.71,1000,36,8.71,500,12,6.71,250,3,3.58,2.44,2131.87,1452.43,403.92,275.19,3.1824,104.19,70.98,78.21,53.28,41.28,28.13,20.41,13.91,14.59,9.94,13.48,9.18,26.74,18.22,15.5,10.56,39.81,27.13,39.26,26.75,13.42,9.15,25.12,17.11,25.96,17.69,38.9,26.5,63.85,43.5,215.96,147.13,172.1,117.25,349.52,238.13,31.47,21.44,165.13,112.5,77.79,53,44.31,30.19,60.36,41.13,73.57,50.12,36.01,24.53,57.47,39.16,23.58,16.06,662.57,451.41,27.4,18.67,10.1,6.88,64.77,44.13,72.93,49.69,49.17,33.5,54.86,37.38,74.86,51,19.08,13,10.37,7.06,2.83,1.93,53.65,36.55,58.25,39.69,63.62,43.34
365,6.2,1000,120,6.44,500,60,6.32,250,12,9.73,1000,36,8.73,500,12,6.73,250,3,3.29,2.25,2073.04,1420.6,416.96,285.73,3.476,104.3,71.48,69.31,47.5,36.85,25.25,18.24,12.5,14.59,10,15.88,10.88,29.19,20,14.41,9.88,51.07,35,42.41,29.06,16.01,10.97,26.69,18.29,26.31,18.03,42.87,29.38,60.47,41.44,170.71,116.98,34.2,23.44,339.28,232.5,23.44,16.06,156.96,107.56,75.97,52.06,38.79,26.58,65.12,44.63,73.93,50.66,40.49,27.75,60.97,41.78,29.82,20.44,689.5,472.5,22.98,15.75,11.7,8.02,64.39,44.13,71.05,48.69,45.24,31,52.17,35.75,79.89,54.75,18.65,12.78,12.68,8.69,2.7,1.85,49.92,34.21,57.37,39.31,62.79,43.03
366,6.03,1000,120,6.18,500,60,6.08,250,12,9.67,1000,36,8.67,500,12,6.67,250,3,2.82,1.94,2098.74,1442.39,409.73,281.59,3.2832,72.85,50.07,67.55,46.43,30.92,21.25,17.46,12,12.46,8.56,13.03,8.96,27.92,19.19,13.1,9,47.11,32.38,36.19,24.88,15.05,10.34,26.78,18.4,28.45,19.55,46.93,32.25,55.75,38.31,157.93,108.54,34.19,23.5,384.68,264.38,24.28,16.69,163.97,112.69,71.66,49.25,35.53,24.42,71.3,49,73.16,50.28,32.87,22.59,58.7,40.34,25.01,17.19,682.73,469.22,23.52,16.17,11.42,7.85,65.3,44.88,65.84,45.25,40.33,27.72,44.65,30.69,83.94,57.69,15.55,10.69,11.75,8.08,3.21,2.21,43.59,29.96,59.66,41,62.07,42.66
367,6,1000,120,6.12,500,60,6.09,250,12,9.61,1000,36,8.61,500,12,6.61,250,3,2.62,1.8,2081.92,1430.83,399.37,274.47,3.5931,57.27,39.36,62.16,42.72,28.65,19.69,13,8.94,12.64,8.69,12.54,8.62,25.1,17.25,13.46,9.25,52.2,35.88,36.38,25,15.19,10.44,27.35,18.8,30.82,21.18,47.96,32.96,52.52,36.09,181.29,124.6,33.19,22.81,362.85,249.38,26.37,18.13,162.96,112,75.57,51.94,38.81,26.67,67.3,46.25,78.87,54.21,34.69,23.84,58.88,40.47,27.1,18.63,774.13,532.03,23.28,16,10.5,7.21,62.02,42.63,64.02,44,41.92,28.81,47.74,32.81,76.12,52.31,12.23,8.41,10.14,6.97,3.14,2.16,49.15,33.78,71.02,48.81,65.84,45.25
368,5.68,1000,120,5.92,500,60,6.18,250,12,9.6,1000,36,8.6,500,12,6.6,250,3,2.81,1.94,2196.84,1517.68,396.15,273.68,3.7698,61.98,42.82,56.63,39.12,33.65,23.25,12.12,8.38,12.12,8.38,12.15,8.39,23.21,16.03,13.39,9.25,54.46,37.63,38.9,26.88,19.51,13.48,28.59,19.75,32.65,22.56,46.95,32.44,55.19,38.13,191.48,132.28,32.84,22.69,355.54,245.63,25.96,17.94,192.61,133.06,85.76,59.25,35.37,24.44,66.95,46.25,94.55,65.32,38.77,26.78,59.35,41,27.41,18.94,848.6,586.25,22.68,15.67,11.82,8.16,61.97,42.81,59.17,40.88,33.65,23.25,51.21,35.38,80.25,55.44,13.75,9.5,10.16,7.02,3.16,2.18,46.39,32.05,77.8,53.75,67.99,46.97
369,5.8,1000,120,5.85,500,60,6.07,250,12,9.67,1000,36,8.67,500,12,6.67,250,3,2.86,1.98,2107.23,1458.29,390.15,270,3.9455,58.3,40.35,61.56,42.61,26.59,18.4,10.84,7.5,11.74,8.13,11.61,8.04,26.01,18,13.91,9.63,59.15,40.94,43.98,30.44,20.56,14.23,30.16,20.87,30.91,21.39,49.61,34.33,34.77,24.06,147.69,102.21,33.69,23.31,291.26,201.56,19.1,13.22,166.9,115.5,84.35,58.38,36.4,25.19,67.37,46.63,106.9,73.98,38.47,26.63,64.75,44.81,26.73,18.5,787.53,545,22.64,15.67,12.28,8.5,71.89,49.75,57.94,40.09,36.58,25.31,56.36,39,75.5,52.25,12.01,8.31,10.34,7.16,2.88,2,40.44,27.98,93.2,64.5,66.02,45.69
370,5.74,1000,120,5.79,500,60,6.1,250,12,9.65,1000,36,8.65,500,12,6.65,250,3,2.97,2.06,2061.93,1429.4,383.72,266.01,3.782,31.83,22.07,73.3,50.81,27.77,19.25,11.68,8.09,12.08,8.38,15.03,10.42,30.16,20.91,15.96,11.06,59.95,41.56,45.98,31.88,21.92,15.2,33.51,23.23,32.25,22.36,57.7,40,31.56,21.88,126.56,87.74,38.77,26.88,311.04,215.63,15.64,10.84,142,98.44,78.98,54.75,37.05,25.69,66.36,46,108.68,75.34,34.3,23.78,64.87,44.97,29.48,20.44,750.11,520,24.64,17.08,11.7,8.11,82.76,57.38,51.93,36,39.13,27.13,59.68,41.38,73.57,51,11.45,7.94,10.19,7.06,3.17,2.2,52.1,36.12,97.82,67.81,69.42,48.13
371,5.52,1000,120,5.46,500,60,5.93,250,12,9.45,1000,36,8.45,500,12,6.45,250,3,3.19,2.21,1892.49,1314.95,390.67,271.45,4.0324,27.02,18.77,73.61,51.15,24.41,16.96,11.69,8.13,11.6,8.06,17.48,12.14,29.59,20.56,20.06,13.94,44.98,31.25,48.03,33.38,22.61,15.71,35.21,24.47,33.91,23.56,63.57,44.17,22.76,15.81,104.14,72.36,39.49,27.44,300.88,209.06,9,6.25,135.92,94.44,73.22,50.88,34,23.63,71.42,49.63,112.83,78.39,28.78,20,63.28,43.97,34.27,23.81,732.2,508.75,22.55,15.67,12.39,8.61,78.71,54.69,49.56,34.44,44.26,30.75,65.75,45.69,67.1,46.63,9.31,6.47,12.12,8.42,3.49,2.43,48.17,33.47,98.86,68.69,71.42,49.63
372,5.12,1000,120,4.99,500,60,5.32,250,12,8.62,1000,36,7.62,500,12,5.62,250,3,3.32,2.32,1909.29,1334.22,379.92,265.49,3.458,18.38,12.85,64.03,44.74,33.92,23.7,13.28,9.28,13.24,9.25,20.36,14.23,31.71,22.16,17.98,12.56,49.01,34.25,54.38,38,24.86,17.38,31.12,21.74,34.3,23.97,64.4,45,20.48,14.31,106.14,74.17,40.61,28.38,275.02,192.19,7.96,5.56,124.41,86.94,69.4,48.5,34.43,24.06,74.99,52.41,107.74,75.29,33.54,23.44,62.25,43.5,39.44,27.56,740.55,517.5,21.47,15,12.11,8.46,68.15,47.63,51.87,36.25,46.33,32.38,67.17,46.94,69.05,48.25,9.7,6.78,14.38,10.05,4.2,2.94,59.8,41.79,93.91,65.63,87.25,60.97
373,5.1,1000,120,4.78,500,60,4.56,250,12,8.26,1000,36,7.26,500,12,5.26,250,3,3.01,2.11,1950.34,1366.01,373.89,261.87,2.508,30.74,21.53,70.24,49.19,37.84,26.5,14.56,10.2,14.28,10,20.23,14.17,30.09,21.08,19.35,13.55,50.2,35.16,52.3,36.63,23.13,16.2,28.78,20.16,34.12,23.9,52.9,37.05,36.12,25.3,115.45,80.86,40.92,28.66,299.19,209.55,18.38,12.88,160.48,112.4,66.39,46.5,39.86,27.92,66.48,46.56,91.05,63.77,38.48,26.95,60.07,42.08,34.77,24.35,795.98,557.5,26.53,18.58,11.35,7.95,69.67,48.8,58.36,40.88,54.23,37.98,61.75,43.25,73.96,51.8,11.71,8.2,13.33,9.34,3.59,2.51,54.42,38.12,83.52,58.5,79.17,55.45
374,4.87,1000,120,4.67,500,60,4.45,250,12,7.89,1000,36,6.89,500,12,4.89,250,3,3.2,2.24,1769.33,1239.94,375.33,263.03,2.403,22.37,15.68,63.27,44.34,36.39,25.5,13.17,9.23,14.34,10.05,20.59,14.43,32,22.42,17.91,12.55,49.23,34.5,51.2,35.88,25.79,18.08,31.32,21.95,35.65,24.99,51.85,36.33,29.25,20.5,77.6,54.38,38.04,26.66,330.91,231.9,11.86,8.31,141.7,99.3,64.93,45.5,39.68,27.81,69.78,48.9,101.12,70.87,34.85,24.42,57.65,40.4,35.89,25.15,689.22,483,31.39,22,11.8,8.27,68.85,48.25,55.47,38.88,54.08,37.9,67.92,47.6,71.28,49.95,12.49,8.75,13.28,9.31,3.69,2.59,53.12,37.23,88.27,61.86,80.44,56.38
375,4.93,1000,120,4.62,500,60,4.09,250,12,7.53,1000,36,6.53,500,12,4.53,250,3,2.9,2.03,1635.28,1147.95,371.06,260.48,2.1677,21.88,15.36,62.77,44.07,33.69,23.65,11.61,8.15,13.96,9.8,17.64,12.38,30.74,21.58,18.53,13.01,50.13,35.19,49.5,34.75,27.87,19.57,29.74,20.87,36.75,25.8,50.81,35.67,40.1,28.15,75.76,53.19,31.8,22.32,276.07,193.8,10.24,7.19,137.47,96.5,59.47,41.75,40.44,28.39,63.39,44.5,105.05,73.74,38.14,26.77,56.3,39.53,36.3,25.48,636.05,446.5,27.9,19.58,11.33,7.95,62.15,43.63,54.13,38,51.14,35.9,65.53,46,70.3,49.35,14.74,10.35,12.54,8.8,4,2.81,48.97,34.38,79.7,55.95,73.4,51.53
376,5.3,1000,120,4.94,500,60,3.91,250,12,7.02,1000,36,6.02,500,12,4.02,250,3,2.94,2.08,1770.85,1249.46,386.01,272.36,2.5024,33.61,23.72,69.98,49.37,35.01,24.7,12.96,9.14,13.8,9.74,16.21,11.44,28.17,19.88,19.13,13.5,46.7,32.95,50.2,35.42,31.89,22.5,29.43,20.76,35.18,24.82,50.08,35.33,43.23,30.5,78.25,55.21,35.53,25.07,243.42,171.75,17.36,12.25,164.19,115.85,68.1,48.05,40.82,28.8,68.46,48.3,114.89,81.06,39.51,27.88,62.93,44.4,34.44,24.3,697.31,492,28.87,20.37,13.51,9.53,59.31,41.85,56.18,39.64,54.51,38.46,69.87,49.3,76.75,54.15,11.23,7.92,9.89,6.97,4.09,2.89,54.76,38.64,88.86,62.7,84.34,59.51
377,5.39,1000,120,4.94,500,60,3.67,250,12,6.74,1000,36,5.74,500,12,3.74,250,3,2.81,1.99,1775.86,1255.82,381.55,269.82,2.0552,36.96,26.14,69.69,49.28,41.16,29.11,13.08,9.25,13.15,9.3,17.98,12.71,30.04,21.25,18.02,12.74,49.38,34.92,50.88,35.98,32.6,23.05,32.41,22.92,37.93,26.82,44.53,31.49,41.01,29,74.49,52.68,35.96,25.43,308.63,218.25,20.05,14.18,159.09,112.5,69.28,48.99,34.36,24.3,68.56,48.48,111.18,78.62,42.07,29.75,62.93,44.5,39.38,27.85,724.87,512.6,31.19,22.05,13.69,9.68,60.38,42.7,57.41,40.6,53.74,38,71.27,50.4,75.87,53.65,12.22,8.64,8.34,5.89,4.2,2.97,53.62,37.92,88.95,62.9,83.47,59.03
378,5.42,1000,120,4.97,500,60,3.72,250,12,6.66,1000,36,5.66,500,12,3.66,250,3,2.77,1.96,1736.9,1226.2,378.95,267.53,1.86,34.04,24.03,68.03,48.02,40.38,28.51,12.75,9,13.73,9.69,18.85,13.3,30.74,21.7,13.1,9.25,50,35.3,51.84,36.6,29.6,20.9,32.49,22.94,39.36,27.78,45,31.77,38.85,27.43,79.85,56.37,37.69,26.61,252.21,178.05,17.99,12.7,163.75,115.6,69.41,49,34.42,24.3,73.67,52.01,96.43,68.08,,,61.49,43.41,42.99,30.35,745.08,526,34.69,24.49,12.08,8.53,55.95,39.5,56.31,39.75,49.96,35.27,65.58,46.3,69.69,49.2,12.39,8.75,9.03,6.38,4.12,2.91,49.59,35.01,80.58,56.89,82.06,57.93
379,5.11,1000,120,4.62,500,60,3.56,250,12,6.48,1000,36,5.48,500,12,3.48,250,3,3.05,2.15,1715.7,1211.23,385.84,272.39,2.4208,30.23,21.34,69.43,49.01,40.48,28.58,15.86,11.2,13.2,9.32,18.01,12.71,31.26,22.07,14.59,10.3,50.36,35.55,52.69,37.2,26.8,18.92,33.92,23.95,38.32,27.05,41.64,29.4,26.84,18.95,97.37,68.74,37.95,26.79,260.49,183.9,17.34,12.24,149.23,105.35,60.91,43,35.62,25.15,76.63,54.1,95.81,67.64,,,60.13,42.45,44.19,31.2,718.16,507,33.48,23.63,12.57,8.87,64.15,45.29,52.27,36.9,54.54,38.5,63.74,45,71.04,50.15,12.82,9.05,9.99,7.05,4.39,3.1,57.08,40.3,83.08,58.65,78.97,55.75
380,4.85,1000,120,4.46,500,60,3.41,250,12,5.87,1000,36,4.87,500,12,2.87,250,3,3.24,2.3,1592.98,1129.03,399.88,283.42,1.8755,33.57,23.79,63.25,44.83,33.72,23.9,13.51,9.57,13.84,9.81,19.53,13.84,31.15,22.08,14.41,10.21,52.12,36.94,51.39,36.42,23.23,16.47,31.87,22.59,40.28,28.55,42.89,30.4,18.61,13.19,86.07,61,34.5,24.45,224.55,159.15,12.05,8.54,142.5,101,56.65,40.15,28.22,20,75.06,53.2,95.16,67.45,,,57.1,40.47,42.54,30.15,642.39,455.3,30.81,21.83,13.23,9.38,57.92,41.05,56.42,39.99,48.96,34.7,64.75,45.89,71.89,50.95,13.32,9.44,10.58,7.5,4.68,3.31,55.66,39.45,71.25,50.5,73.69,52.22
381,4.55,1000,120,3.9,500,60,2.47,250,12,5.31,1000,36,4.31,500,12,2.31,250,3,2.98,2.1,1472.82,1040.94,400.5,283.06,1.6302,27.59,19.5,68.97,48.74,26.1,18.45,10.23,7.23,14.71,10.4,17.47,12.35,32.02,22.63,14.15,10,58.72,41.5,51.06,36.09,21.78,15.39,32.87,23.23,42.31,29.9,39.38,27.83,11.74,8.3,78.84,55.72,30.92,21.85,199.5,141,10.16,7.18,129.77,91.72,52.78,37.3,24.55,17.35,78.39,55.4,93.61,66.16,,,55.53,39.25,37.71,26.65,577,407.8,25.47,18,11.23,7.94,66.01,46.65,54.66,38.63,45.21,31.95,60.98,43.1,67.21,47.5,14.71,10.4,10.22,7.22,5.06,3.58,48.91,34.57,47.4,33.5,69.33,49
382,4.24,1000,120,3.66,500,60,2.1,250,12,5.03,1000,36,4.03,500,12,2.03,250,3,2.89,2.04,1500.33,1059.78,390.96,276.16,1.05,26.11,18.45,63.66,44.97,26.33,18.6,10.26,7.25,16.42,11.6,19.44,13.73,32.5,22.96,13.85,9.78,54.14,38.24,45.84,32.38,24.09,17.02,33.54,23.69,37.37,26.4,34.4,24.3,14.16,10,85.23,60.2,31.46,22.22,187.93,132.75,11.18,7.9,151.83,107.25,51.32,36.25,22.69,16.03,81.52,57.58,95.14,67.2,,,55.85,39.45,35.32,24.95,643.43,454.5,24.3,17.17,11.57,8.17,53.95,38.11,53.43,37.74,44.38,31.35,59.74,42.2,68.8,48.6,16.28,11.5,9.78,6.91,5.46,3.86,50.09,35.38,46.01,32.5,74.06,52.31
383,4.78,1000,120,4.08,500,60,2.06,250,12,4.83,1000,36,3.83,500,12,1.83,250,3,3.09,2.18,1615.09,1140.2,390.74,275.85,1.133,30.79,21.74,60.51,42.72,31.13,21.98,13.56,9.57,16.86,11.9,21.67,15.3,34.6,24.42,16.86,11.9,51.06,36.05,48.44,34.2,27,19.06,34.78,24.55,40.09,28.3,42.97,30.33,19.31,13.63,85.07,60.06,32.96,23.27,212.05,149.7,13.94,9.84,162.09,114.43,56.28,39.73,25.96,18.33,82.48,58.23,90.01,63.54,,,53.3,37.63,40.37,28.5,685.02,483.6,35.88,25.33,11.55,8.15,52.98,37.4,53.46,37.74,52.69,37.2,58.43,41.25,61.69,43.55,19.05,13.45,11.01,7.78,6.16,4.35,55,38.83,49.51,34.95,81.59,57.6
384,5.07,1000,120,4.38,500,60,2.17,250,12,4.74,1000,36,3.74,500,12,1.74,250,3,2.96,2.09,1641.8,1161.02,398.08,281.51,1.302,38.01,26.88,60.92,43.08,33.94,24,14.49,10.25,16.42,11.61,20.29,14.35,36.88,26.08,15.84,11.2,50.27,35.55,51.08,36.12,26.23,18.55,35.71,25.25,41.12,29.08,43.46,30.73,23.32,16.49,75.77,53.58,31.96,22.6,228.02,161.25,14.1,9.97,173.58,122.75,57.34,40.55,22.7,16.05,84.42,59.7,98.12,69.38,,,56.39,39.88,45.32,32.05,715.54,506,38.18,27,12.64,8.94,55.72,39.4,53.76,38.02,58.54,41.4,61.29,43.34,66.39,46.95,17.39,12.29,11.81,8.35,6.23,4.41,56.82,40.18,55.42,39.19,84.79,59.96
385,5.02,1000,120,4.37,500,60,2.22,250,12,4.82,1000,36,3.82,500,12,1.82,250,3,2.89,2.04,1595.52,1130.2,417.16,295.5,1.1544,41.85,29.64,58.85,41.68,33.6,23.8,17.65,12.5,17.51,12.4,19.68,13.94,35.08,24.85,17.82,12.62,46.87,33.2,49.69,35.2,28.12,19.92,36.31,25.72,42.81,30.33,42.94,30.42,22.39,15.86,67.83,48.05,30.78,21.8,210.7,149.25,15.99,11.33,151.96,107.64,52.09,36.9,20.5,14.52,80.84,57.26,86.01,60.93,,,55.27,39.15,37.9,26.85,663.65,470.1,40.54,28.71,11.79,8.35,53.01,37.55,59.26,41.98,61.97,43.9,59.01,41.8,66.28,46.95,15.67,11.1,12.14,8.6,6.94,4.92,58.38,41.35,57.88,41,78.35,55.5
386,4.98,1000,120,4.43,500,60,2.33,250,12,4.91,1000,36,3.91,500,12,1.91,250,3,2.94,2.08,1558.02,1106.73,413.97,294.06,1.2815,36.17,25.69,59.76,42.45,38.01,27,17.93,12.73,17.64,12.53,19.57,13.9,32.54,23.11,18.37,13.05,48.92,34.75,52.05,36.97,27.55,19.57,35.99,25.56,42.55,30.23,42.94,30.5,19.4,13.78,67.89,48.23,29.38,20.87,194.48,138.15,11.91,8.46,138.81,98.6,55.04,39.1,21.12,15,85.73,60.9,87.25,61.97,,,58.77,41.75,37.21,26.43,640.53,455,43.22,30.7,11.61,8.25,53.99,38.35,61.94,44,60.18,42.75,61.73,43.85,69.54,49.4,15.91,11.3,12.49,8.88,7.44,5.29,61.78,43.89,65.53,46.55,82.5,58.6
387,5.44,1000,120,4.93,500,60,2.76,250,12,4.87,1000,36,3.87,500,12,1.87,250,3,2.85,2.04,1608.05,1147.39,424.2,302.68,1.6008,39.63,28.27,57.37,40.94,33.29,23.75,17.18,12.26,18.08,12.9,19.52,13.93,34.23,24.42,17.55,12.52,48.77,34.8,53.12,37.9,27.28,19.47,33.09,23.61,45.33,32.35,46.9,33.46,20.48,14.61,71.29,50.87,24.12,17.21,225.99,161.25,13.03,9.3,145.75,104,51.92,37.05,22.3,15.91,89.98,64.2,92.11,65.72,,,61.95,44.2,37.84,27,688.83,491.5,47.6,33.97,12.04,8.59,52.82,37.69,68.53,48.9,59.21,42.25,64.59,46.09,74.46,53.13,17.52,12.5,13.6,9.71,8.27,5.9,59.46,42.43,67.62,48.25,80.69,57.58
388,5.08,1000,120,4.49,500,60,2.33,250,12,4.82,1000,36,3.82,500,12,1.82,250,3,2.84,2.03,1507.6,1076.92,440.39,314.58,1.2815,33.13,23.66,50.67,36.2,31.12,22.23,16.45,11.75,19.32,13.8,18.69,13.35,30.97,22.13,19.58,13.99,50.05,35.75,53.48,38.2,28.07,20.05,34,24.29,43.27,30.91,51.14,36.53,15.89,11.35,78.61,56.15,24.4,17.43,194.24,138.75,15.76,11.26,117.38,83.85,44.45,31.75,22.36,15.97,89.55,63.97,93.54,66.82,,,55.86,39.9,37.03,26.45,606.17,433,48.47,34.63,12.13,8.67,43.4,31,68.75,49.11,61.88,44.2,64.17,45.84,70.91,50.65,17.38,12.41,16.85,12.04,8.36,5.97,57.92,41.37,62.86,44.9,88.06,62.9
389,5.08,1000,120,4.37,500,60,2.34,250,12,4.81,1000,36,3.81,500,12,1.81,250,3,2.99,2.14,1489.61,1064.66,449.38,321.18,1.2636,33.18,23.72,55.11,39.39,30.75,21.98,16.65,11.9,19.38,13.85,20.36,14.55,31.31,22.38,20.08,14.35,46.24,33.05,52.33,37.4,26.79,19.15,29.33,20.96,40.72,29.1,49.44,35.33,15.92,11.38,79.12,56.55,25.94,18.54,200.43,143.25,16.45,11.76,114.8,82.05,43.65,31.2,24.57,17.56,86.23,61.63,77.56,55.44,,,55.41,39.6,38.2,27.3,606.39,433.4,50.17,35.86,11.41,8.16,47.71,34.1,68.21,48.75,57.22,40.9,59.81,42.75,71.78,51.3,19.06,13.63,16.61,11.87,7.44,5.32,59.36,42.43,61.31,43.82,87.87,62.8
390,4.85,1000,120,4.08,500,60,2.09,250,12,4.79,1000,36,3.79,500,12,1.79,250,3,3.36,2.4,1381.82,989.82,437.36,313.29,1.0659,24.28,17.39,49.78,35.66,26.32,18.85,15.64,11.2,19.61,14.05,17.59,12.6,31.03,22.23,21.5,15.4,41.16,29.48,53.61,38.4,24.76,17.73,23.86,17.09,33.84,24.24,,,13.4,9.6,74.5,53.37,24.22,17.35,176.95,126.75,,,100.53,72.01,40.57,29.06,22.34,16,72.17,51.7,75.2,53.87,,,56.92,40.77,36.37,26.05,543.75,389.5,41.42,29.67,11.24,8.05,42.65,30.55,60.94,43.65,52.91,37.9,55.84,40,70.82,50.73,20.63,14.78,16.93,12.13,7.24,5.18,59.99,42.97,62.78,44.97,87.78,62.88
391,4.47,1000,120,3.46,500,60,1.75,250,12,4.73,1000,36,3.73,500,12,1.73,250,3,3.47,2.49,1269.13,911.62,431.92,310.25,0.98,25.5,18.31,41.5,29.81,24.01,17.25,13.02,9.35,18.4,13.22,16.15,11.6,28.85,20.72,17.4,12.5,33.06,23.75,51.68,37.12,22,15.8,25.78,18.52,29.78,21.39,,,11.18,8.03,58.43,41.97,22.83,16.4,121.12,87,,,98.01,70.4,44.69,32.1,18.61,13.37,73.78,53,61.84,44.42,,,49.07,35.25,32.16,23.1,459.41,330,34.33,24.66,10.01,7.19,38.21,27.45,66.99,48.12,45.44,32.64,45.94,33,63.13,45.35,20.69,14.86,15.55,11.17,7.48,5.38,54.67,39.27,57.08,41,87.18,62.63
392,4.14,1000,120,3.22,500,60,1.74,250,12,4.76,1000,36,3.76,500,12,1.76,250,3,3.7,2.66,1275.61,917.8,443.56,319.14,0.9396,25.78,18.55,37.97,27.32,19.22,13.83,13.13,9.45,18.46,13.28,17.01,12.24,28.9,20.79,16.82,12.1,27.14,19.53,52.12,37.5,23.91,17.2,25.02,18,27.99,20.14,,,12.09,8.7,60.34,43.42,25.09,18.05,155.32,111.75,,,105,75.55,41.97,30.2,16.16,11.63,74.45,53.57,65.81,47.35,,,48.3,34.75,35.09,25.25,456.57,328.5,37.98,27.33,10.14,7.29,33.36,24,69.49,50,46.63,33.55,47.26,34,63.93,46,19.84,14.28,14.59,10.5,8.55,6.15,51.4,36.98,51.33,36.93,86.59,62.3
393,3.72,1000,120,2.75,500,60,1.56,250,12,4.73,1000,36,3.73,500,12,1.73,250,3,3.55,2.56,1130.62,815.28,439,316.56,0.9204,18.27,13.18,34.32,24.75,12.43,8.96,,,16.99,12.25,17.39,12.54,30.88,22.27,16.11,11.62,28.42,20.49,,,19.92,14.37,25.2,18.17,23.16,16.7,,,7.52,5.42,51.73,37.3,24.56,17.71,140,100.95,,,82.1,59.2,34.32,24.75,13.42,9.68,76.2,54.95,46.78,33.73,,,44.63,32.18,32.53,23.46,416.31,300.2,36.56,26.37,9.38,6.76,27.81,20.05,65.94,47.55,39.66,28.6,39.76,28.67,56.61,40.82,22.05,15.9,12.62,9.1,8.76,6.32,46.36,33.43,47.59,34.32,76.79,55.38
394,4.01,1000,120,2.92,500,60,1.46,250,12,4.39,1000,36,3.39,500,12,1.39,250,3,3.43,2.48,1226.33,885.76,441.75,319.07,0.73,24.44,17.65,46.32,33.45,9.82,7.09,,,14.94,10.79,18.93,13.67,28.56,20.63,15.22,10.99,25.06,18.1,,,19.57,14.13,25.67,18.54,19.09,13.79,,,8.45,6.1,45.03,32.53,23.97,17.31,171.54,123.9,,,109.24,78.9,35,25.28,11.67,8.43,80.76,58.33,48.85,35.28,,,46.8,33.8,31.57,22.8,508.8,367.5,37.84,27.33,8.57,6.19,35.54,25.67,73.79,53.3,41.67,30.1,35.51,25.65,53.34,38.53,25.92,18.73,13.97,10.09,8.36,6.04,47.11,34.02,41.24,29.79,87.7,63.35
395,4.22,1000,120,3.28,500,60,1.56,250,12,4.34,1000,36,3.34,500,12,1.34,250,3,3.33,2.41,1297.72,938.87,458.78,331.92,1.0452,32.05,23.19,51.69,37.39,11.4,8.25,,,15.22,11.01,18.69,13.52,30.82,22.3,16.38,11.85,25.57,18.5,,,18.43,13.33,26.93,19.48,23.16,16.76,,,12.01,8.69,58.51,42.33,25.49,18.44,205.88,148.95,,,121.23,87.71,37.73,27.3,15.38,11.13,79.81,57.74,47.64,34.47,,,48.35,34.98,34.14,24.7,542.52,392.5,38.17,27.61,8.24,5.96,38.7,28,79.06,57.2,48.52,35.1,39.46,28.55,53.84,38.95,29.01,20.99,13.17,9.53,8.52,6.16,53.34,38.59,48.42,35.03,89.5,64.75
396,3.83,1000,120,2.78,500,60,1.32,250,12,4.29,1000,36,3.29,500,12,1.29,250,3,3.24,2.36,1210.18,879.39,491.09,356.86,0.8712,28.18,20.47,48.27,35.07,9.28,6.74,,,13.02,9.46,16.8,12.21,32.32,23.49,15.07,10.95,26.01,18.9,,,20.6,14.97,22.92,16.65,20.69,15.04,,,8.83,6.42,43.27,31.44,25.06,18.21,209.11,151.95,,,106.1,77.1,33.51,24.35,13.07,9.5,74.04,53.8,45.97,33.4,,,47.81,34.74,31.29,22.74,483.72,351.5,30.19,21.94,8.7,6.32,37.47,27.23,88.14,64.05,41.28,30,37.5,27.25,56.15,40.8,29.13,21.17,14.24,10.35,8.82,6.41,46.96,34.12,44.96,32.67,84.77,61.6
397,4,1000,120,3.02,500,60,1.31,250,12,4.27,1000,36,3.27,500,12,1.27,250,3,3.26,2.38,1155.98,844.61,491.31,358.97,0.786,32.46,23.72,45.75,33.43,7.35,5.37,,,13.49,9.86,16.23,11.86,30.11,22,13.76,10.05,25.59,18.7,,,19.56,14.29,23.33,17.04,20.74,15.15,,,6.91,5.05,40.06,29.27,25.58,18.69,201.81,147.45,,,106.34,77.7,30.79,22.5,12.22,8.93,71.31,52.1,40.3,29.44,,,45.48,33.23,30.74,22.46,463.98,339,33.43,24.43,8.58,6.27,32.59,23.81,93.77,68.51,37.9,27.69,31.64,23.12,51.34,37.51,26.9,19.66,14.29,10.44,8.9,6.51,47.58,34.76,42.95,31.38,84.62,61.83
398,3.71,1000,120,2.69,500,60,1.24,250,12,4.23,1000,36,3.23,500,12,1.23,250,3,3.18,2.33,1144.08,837.28,465.34,340.55,0.8432,31.15,22.79,43.35,31.73,5.6,4.1,,,12.57,9.2,14.87,10.88,29.41,21.52,12.6,9.22,26.82,19.63,,,19.92,14.58,21.74,15.91,20.99,15.36,,,7.32,5.36,40.64,29.74,25.51,18.67,201.89,147.75,,,105.21,77,32.66,23.9,11.45,8.38,71.78,52.53,32.75,23.97,,,46.66,34.15,27.31,19.99,452.42,331.1,31.99,23.41,9.24,6.76,28.87,21.13,83.04,60.77,38.6,28.25,28.61,20.94,51.38,37.6,29.69,21.73,14.37,10.52,8.9,6.51,47.64,34.86,38.26,28,86.37,63.21
399,3.84,1000,120,2.78,500,60,1.16,250,12,4.24,1000,36,3.24,500,12,1.24,250,3,3.29,2.4,1163.4,848.18,450.15,328.18,0.696,31.48,22.95,43.59,31.78,7.09,5.17,,,12.15,8.86,14.87,10.84,31.27,22.8,10.64,7.76,28.37,20.68,,,18.17,13.25,23.16,16.89,13.95,10.17,,,8.5,6.2,40.99,29.88,25.31,18.45,206.78,150.75,,,107.67,78.5,35.05,25.55,10.01,7.3,79.38,57.87,33.84,24.67,,,48.35,35.25,29.05,21.18,,,31.87,23.23,9.81,7.15,28.12,20.5,68.42,49.88,39.98,29.15,31.69,23.1,53.99,39.36,28.19,20.55,16.99,12.39,9.55,6.96,45.99,33.53,34.8,25.37,89.18,65.02
400,3.88,1000,120,2.82,500,60,1.21,250,12,4.22,1000,36,3.22,500,12,1.22,250,3,3.18,2.31,1259.75,916.92,488.67,355.68,0.7018,35.41,25.77,45.72,33.27,7.9,5.75,,,12.16,8.85,15.29,11.13,31.06,22.61,13.26,9.65,30.5,22.2,,,18.96,13.8,,,17.16,12.49,,,10.18,7.41,39.37,28.65,27.31,19.88,225.25,163.95,,,117.19,85.3,40.46,29.45,14.18,10.32,77.43,56.36,39.88,29.03,,,48.53,35.32,29.79,21.68,,,36.64,26.67,9.35,6.81,32.09,23.36,69.11,50.3,45.48,33.1,36.06,26.25,53.51,38.95,29.81,21.7,17.17,12.5,9.64,7.02,48.51,35.31,37.33,27.17,86.58,63.02
401,3.37,1000,120,2.3,500,60,1.13,250,12,4.04,1000,36,3.04,500,12,1.04,250,3,3.35,2.44,1303.28,949.64,489.05,356.35,0.5876,39.63,28.88,45.91,33.45,8.98,6.54,,,13.19,9.61,15.99,11.65,,,12.76,9.3,34.94,25.46,,,21.29,15.51,,,18.04,13.15,,,10.32,7.52,43.2,31.48,29.88,21.77,251.97,183.6,,,120.02,87.45,38.98,28.4,13.93,10.15,73.49,53.55,45.77,33.35,,,49.37,35.97,33.97,24.75,,,38.51,28.06,10.46,7.62,34.58,25.2,68.63,50.01,48.94,35.66,38.83,28.29,57.63,41.99,35.05,25.54,19.4,14.13,8.49,6.19,49.52,36.08,41.45,30.2,85.09,62
402,3.56,1000,120,2.48,500,60,1.07,250,12,4.05,1000,36,3.05,500,12,1.05,250,3,3.08,2.25,1333.03,974.5,480.12,350.99,0.6848,38.21,27.93,47.98,35.07,7.18,5.25,,,13.68,10,17.54,12.82,,,14.5,10.6,32.94,24.08,,,21.52,15.73,,,19.32,14.12,,,8.65,6.32,45.78,33.47,31.46,23,263.67,192.75,,,111.35,81.4,38.96,28.48,14.91,10.9,70.72,51.7,46.38,33.91,,,49.18,35.95,32.83,24,,,41.49,30.33,10.75,7.86,34.95,25.55,74.55,54.5,51.76,37.84,40.8,29.83,57.48,42.02,41.41,30.27,20.59,15.05,7.78,5.69,48.23,35.26,46.65,34.1,88.22,64.49
403,4.44,1000,120,3.37,500,60,1.31,250,12,4.08,1000,36,3.08,500,12,1.08,250,3,2.82,2.07,1348.79,990.31,490,359.77,0.8908,38.65,28.38,42.87,31.48,7.5,5.51,,,14.64,10.75,17.9,13.14,,,15.4,11.31,32.36,23.76,,,20.98,15.4,,,20.55,15.09,,,9.9,7.27,44.65,32.78,30.37,22.3,241.07,177,,,110.52,81.15,38.41,28.2,15.09,11.08,69.39,50.95,41.84,30.72,,,48.45,35.57,32.31,23.72,,,44.49,32.67,10.43,7.66,32.14,23.6,75.22,55.23,52.06,38.22,38.14,28,55.94,41.07,42.96,31.54,21.03,15.44,8.44,6.19,52.55,38.58,44.55,32.71,94.93,69.7
404,4.45,1000,120,3.46,500,60,1.35,250,12,4.08,1000,36,3.08,500,12,1.08,250,3,3.26,2.4,1361.42,1002.84,514.45,378.95,0.8505,37.81,27.85,43.22,31.84,9.5,7,,,14.74,10.86,18.46,13.6,,,15.11,11.13,30.37,22.37,,,18.59,13.7,,,20.46,15.07,,,14.8,10.9,52.7,38.82,29.66,21.85,231.53,170.55,,,111.25,81.95,40.16,29.58,15.54,11.45,66.71,49.14,40.02,29.48,,,50.98,37.55,35.16,25.9,,,46.99,34.61,11.21,8.26,30.79,22.68,70.66,52.05,54.85,40.4,38.28,28.2,57.29,42.2,42.25,31.13,19.09,14.06,8.61,6.34,54.74,40.33,50.11,36.91,96.56,71.13
405,3.96,1000,120,2.84,500,60,1.13,250,12,4.1,1000,36,3.1,500,12,1.1,250,3,2.99,2.2,1353.56,995.97,514.97,378.92,0.7684,36.74,27.04,39.8,29.28,9.04,6.65,,,14.13,10.4,17.87,13.15,,,19.2,14.13,28.47,20.95,,,18.4,13.54,,,21.5,15.82,,,15.17,11.16,58.86,43.31,29.45,21.67,227.71,167.55,,,120.61,88.75,40.51,29.81,14.64,10.77,67.56,49.71,41.94,30.86,,,50.18,36.92,35.54,26.15,,,47.39,34.87,11.55,8.5,30.4,22.37,69.65,51.25,51.14,37.63,40.77,30,57.56,42.35,43.42,31.95,20.71,15.24,9.17,6.75,52.74,38.81,46.89,34.5,95.05,69.94
406,4.33,1000,120,3.27,500,60,1.31,250,12,4.11,1000,36,3.11,500,12,1.11,250,3,3.36,2.47,1422.06,1046.94,529.62,389.91,0.7991,37.83,27.85,40.31,29.68,9.43,6.94,,,15.01,11.05,19.02,14,,,19.37,14.26,29.88,22,,,19.32,14.23,,,20.18,14.86,,,20.65,15.2,67.57,49.75,30.77,22.65,253.26,186.45,,,123.21,90.71,39.32,28.95,16.54,12.18,67.37,49.6,43.33,31.9,,,49.51,36.45,35.15,25.88,,,47.32,34.84,11.85,8.73,32.41,23.86,67.78,49.9,53.35,39.28,38.66,28.46,57.01,41.97,46.05,33.9,19.36,14.25,9.56,7.04,52.76,38.85,52.84,38.9,106.03,78.06
407,4.4,1000,120,3.46,500,60,1.41,250,12,4.1,1000,36,3.1,500,12,1.1,250,3,3.38,2.49,1433.48,1058.2,550.13,406.11,0.9447,43.73,32.28,39.8,29.38,9.21,6.8,,,15.51,11.45,19.37,14.3,,,18.63,13.75,29.87,22.05,,,19.25,14.21,,,20.79,15.34,,,24.65,18.2,69.3,51.16,30.29,22.36,219.86,162.3,,,123.14,90.9,39.56,29.2,18,13.29,68.14,50.3,42.6,31.45,,,49.44,36.5,39.84,29.41,,,48.3,35.65,11.98,8.84,31.56,23.3,73.69,54.4,52.83,39,37.52,27.7,58.09,42.88,48.62,35.89,21.98,16.23,9.43,6.96,50.43,37.23,50.93,37.6,107.69,79.5
408,4.27,1000,120,3.25,500,60,1.26,250,12,4.06,1000,36,3.06,500,12,1.06,250,3,3.32,2.46,1496.71,1109.64,558.13,413.79,0.7182,48.2,35.73,42.38,31.42,10.6,7.86,,,15.69,11.63,20.46,15.17,,,17.8,13.2,32.1,23.8,,,22.17,16.44,,,22.24,16.49,,,20.5,15.2,67.98,50.4,30.2,22.39,249.26,184.8,,,124.98,92.66,41.31,30.63,21.57,15.99,69.18,51.29,48.72,36.12,,,55.21,40.93,39.75,29.47,,,49.91,37,13.42,9.95,35.11,26.03,70.81,52.5,51.81,38.41,41.17,30.52,66.34,49.18,49.57,36.75,22.92,17,9.86,7.31,57.34,42.51,57.39,42.55,113.95,84.48
409,4.16,1000,120,3.17,500,60,1.28,250,12,4.05,1000,36,3.05,500,12,1.05,250,3,3.72,2.76,1526.44,1134.11,545.04,404.95,0.7424,51.18,38.02,45.03,33.45,13.38,9.94,,,16.11,11.97,21.74,16.15,,,20.32,15.1,32.8,24.37,,,24.02,17.85,,,21.03,15.63,,,19.8,14.71,81.52,60.57,30.12,22.38,236.01,175.35,,,131.93,98.02,45.57,33.86,19.38,14.4,72.44,53.82,51.64,38.37,,,55.39,41.15,37.51,27.87,,,47.15,35.03,13.14,9.76,34.63,25.73,69.32,51.5,51.23,38.06,43.99,32.68,64.24,47.73,53.58,39.81,23.55,17.5,10.29,7.64,55.16,40.99,56.53,42,106.6,79.2
410,4,1000,120,2.98,500,60,1.23,250,12,4.05,1000,36,3.05,500,12,1.05,250,3,4.07,3.03,1537.72,1144.94,546.18,406.67,0.6765,50.04,37.26,46.26,34.44,11.32,8.43,,,17.69,13.17,23.17,17.25,,,21.62,16.1,35.23,26.23,,,27.15,20.22,,,21.24,15.81,,,19.69,14.66,89.51,66.64,29.43,21.91,265.32,197.55,,,129.61,96.5,43.9,32.69,18.64,13.88,73.18,54.49,51.63,38.44,,,57.19,42.58,38.55,28.7,,,52.16,38.83,14.08,10.48,32.48,24.18,69.65,51.86,59.31,44.16,46.34,34.5,66.72,49.68,56.01,41.7,27.13,20.2,10.9,8.11,59.07,43.98,58.26,43.38,105.39,78.47
411,3.91,1000,120,2.87,500,60,1.23,250,12,4.08,1000,36,3.08,500,12,1.08,250,3,4.37,3.26,1510.14,1126.21,540.73,403.26,0.7995,51.76,38.6,44.92,33.5,11.64,8.68,,,17.98,13.41,22.51,16.79,,,24.2,18.05,37.32,27.83,,,26.26,19.58,,,22.51,16.78,,,21.83,16.28,87.08,64.94,28.23,21.05,260.27,194.1,,,122.92,91.67,40.79,30.42,18.13,13.52,68.45,51.05,52.83,39.4,,,56.18,41.9,40.21,29.99,,,55.42,41.33,13.52,10.08,33.15,24.72,68.88,51.37,59.54,44.4,45.03,33.58,68.68,51.22,56.76,42.33,30.07,22.42,11.36,8.47,54.95,40.98,55.07,41.07,109.78,81.87
412,4.53,1000,120,3.63,500,60,1.55,250,12,4.2,1000,36,3.2,500,12,1.2,250,3,4.28,3.21,1487.27,1113.89,512.43,383.78,1.023,47.32,35.44,45.45,34.04,11.62,8.7,,,14.66,10.98,23.37,17.5,,,24.87,18.63,34.92,26.15,,,26.02,19.49,,,22.91,17.16,,,19.57,14.66,91.21,68.31,26.3,19.7,264.77,198.3,,,118.85,89.01,40.22,30.12,20.66,15.47,72.14,54.03,49.42,37.01,,,57.28,42.9,38.52,28.85,,,55.73,41.74,13.3,9.96,34.05,25.5,70.31,52.66,58.23,43.61,41.02,30.72,70.1,52.5,54.61,40.9,28.04,21,10.97,8.21,53.33,39.94,57.75,43.25,114.89,86.05
413,4.71,1000,120,3.86,500,60,1.89,250,12,4.46,1000,36,3.46,500,12,1.46,250,3,4.31,3.24,1490.8,1120.68,522.1,392.48,1.1718,47.08,35.39,41.37,31.1,11.49,8.64,,,15.9,11.95,22.12,16.63,,,26.98,20.28,36.62,27.53,,,25.52,19.18,,,22.75,17.1,,,20.62,15.5,94.43,70.99,26.37,19.82,252.42,189.75,,,117.06,88,41.24,31,19.77,14.86,73.47,55.23,46.24,34.76,,,57.87,43.5,38.26,28.76,,,57.35,43.11,13.35,10.04,31.57,23.73,73.9,55.55,59.26,44.55,42.28,31.78,71.12,53.46,58.86,44.25,26.93,20.24,11.36,8.54,54.75,41.15,61.06,45.9,111.91,84.13
414,4.57,1000,120,3.74,500,60,2.07,250,12,4.57,1000,36,3.57,500,12,1.57,250,3,3.49,2.63,1516.01,1140.84,529,398.09,1.2627,50.07,37.68,43.62,32.83,12.13,9.13,,,15.97,12.02,22.23,16.73,,,28.01,21.08,37.74,28.4,,,26.58,20,,,24.79,18.66,,,21.13,15.9,88.37,66.5,26.47,19.92,241.98,182.1,,,117.31,88.28,43.05,32.4,20.8,15.65,73.55,55.35,46.89,35.28,,,59.17,44.53,40.73,30.65,,,56.33,42.39,14.93,11.24,32.42,24.4,77.07,58,56.87,42.8,42.36,31.88,71.04,53.46,57.11,42.98,28.24,21.25,11.98,9.01,58.19,43.79,,,119.6,90
415,4.5,1000,120,3.71,500,60,2.13,250,12,4.68,1000,36,3.68,500,12,1.68,250,3,2.89,2.17,1461.54,1100.43,531.94,400.51,1.2567,47.53,35.78,46.43,34.96,14.72,11.08,,,14.28,10.75,20.72,15.6,,,24.7,18.6,35.41,26.66,,,24.84,18.7,,,21.28,16.02,,,15.94,12,76.6,57.67,27.89,21,286.68,215.85,,,114.82,86.45,43.92,33.07,19.79,14.9,73.31,55.2,49.46,37.24,,,61.27,46.13,37.39,28.15,,,53.92,40.6,14.87,11.2,33.74,25.4,72.8,54.81,59.37,44.7,40.84,30.75,75.04,56.5,51.45,38.74,27.81,20.94,12.04,9.06,56.58,42.6,,,109.07,82.12
416,4.13,1000,120,3.32,500,60,1.99,250,12,4.86,1000,36,3.86,500,12,1.86,250,3,3.21,2.43,1461.96,1104.24,536.57,405.28,1.0547,46.68,35.26,46.61,35.21,14.59,11.02,,,12.02,9.08,21.16,15.98,,,21.46,16.21,34.49,26.05,,,25.16,19,,,21.97,16.59,,,15.49,11.7,76.26,57.6,27.58,20.83,252.01,190.35,,,111.28,84.05,43.41,32.79,18.69,14.12,76.79,58,51.12,38.61,,,61.17,46.2,36.86,27.84,,,49.3,37.23,14.32,10.82,34.25,25.87,72.22,54.55,58.96,44.53,43.25,32.67,71.44,53.96,48.66,36.75,30.63,23.14,12.38,9.35,52.1,39.35,,,108.72,82.12
417,4.21,1000,120,3.44,500,60,2.21,250,12,5.04,1000,36,4.04,500,12,2.04,250,3,2.71,2.06,1467.92,1114.58,553.75,420.46,1.1492,48.83,37.08,47.08,35.75,14.11,10.71,,,11.85,9,22.39,17,,,21.34,16.2,37.86,28.75,,,25.79,19.58,,,23.11,17.54,,,17.25,13.1,86.72,65.85,28.61,21.72,264.72,201,,,113.2,85.95,44.38,33.7,18.57,14.1,74.27,56.39,52.58,39.92,,,63.81,48.45,36.15,27.45,,,54.49,41.37,16.22,12.32,34.57,26.25,72.07,54.72,59.86,45.45,42.1,31.97,76.26,57.9,52.25,39.67,32.93,25,12.32,9.36,52.72,40.03,,,105.36,80
418,4.11,1000,120,3.36,500,60,2.34,250,12,5.26,1000,36,4.26,500,12,2.26,250,3,2.62,2,1481.5,1130.2,575.95,439.38,1.5912,51.43,39.24,46.45,35.43,13.21,10.08,,,11.57,8.83,25.13,19.17,,,19.13,14.59,26.75,20.41,,,26.22,20,,,21.79,16.62,,,22.13,16.88,81.86,62.45,30.33,23.14,265.05,202.2,,,117.1,89.33,44.7,34.1,17.21,13.13,76.49,58.35,56.06,42.76,,,64.75,49.4,37.1,28.3,,,51.23,39.08,15,11.44,33.23,25.35,68.25,52.07,65.57,50.02,43.27,33.01,77.35,59.01,46.34,35.35,31,23.65,13.09,9.98,49.9,38.07,,,101.59,77.5
419,4.38,1000,120,3.72,500,60,2.6,250,12,5.45,1000,36,4.45,500,12,2.45,250,3,2.66,2.03,1538.63,1173.78,579.49,442.08,1.378,53.02,40.45,49.06,37.43,16.56,12.63,,,11.97,9.13,27.86,21.25,,,21.76,16.6,27.86,21.25,,,30.59,23.33,,,22.57,17.22,,,28.31,21.6,91.77,70.01,31.72,24.2,281.57,214.8,,,123.87,94.5,46.35,35.36,18.56,14.16,79.08,60.33,57.88,44.16,,,67.19,51.26,39.08,29.81,,,53.22,40.6,15.42,11.76,33.3,25.4,68.31,52.11,67.31,51.35,44.79,34.17,80.88,61.7,45.87,34.99,39.16,29.88,14.75,11.25,53.84,41.07,,,104.21,79.5
420,4.24,1000,120,3.63,500,60,2.75,250,12,5.61,1000,36,4.61,500,12,2.61,250,3,2.69,2.05,1591.59,1213.55,556.12,424.03,1.8425,58.85,44.87,48.1,36.67,19.46,14.84,,,12.01,9.16,29.38,22.4,,,23.87,18.2,30.95,23.6,,,30.91,23.57,,,24.64,18.79,,,28.85,22,90.66,69.13,31.63,24.12,273.45,208.5,,,129.32,98.6,48.07,36.65,19.34,14.75,83.54,63.7,58.58,44.66,,,66.9,51.01,39.59,30.19,,,56.84,43.34,14.71,11.21,33.84,25.8,75.1,57.26,68.33,52.1,45.38,34.6,76.99,58.7,47.2,35.99,40.85,31.15,14.45,11.02,54.41,41.49,,,108.5,82.73
421,4.15,1000,120,3.71,500,60,2.95,250,12,5.77,1000,36,4.77,500,12,2.77,250,3,2.57,1.97,1542.81,1181.27,552.92,423.35,1.5045,54.65,41.84,42.13,32.26,20.24,15.5,,,11.22,8.59,31.65,24.23,,,23.05,17.65,29.78,22.8,,,29.57,22.64,,,24.09,18.44,,,20.77,15.9,83.16,63.67,30.98,23.72,264.48,202.5,,,122.34,93.67,47.02,36,17.33,13.27,84.38,64.61,61.22,46.88,,,67.89,51.98,37.84,28.97,,,55.59,42.56,15.15,11.6,31.35,24,69.98,53.58,66.61,51,46.14,35.33,78.49,60.1,44.25,33.88,41.61,31.86,13.96,10.69,50.43,38.61,,,110.17,84.35
422,4.38,1000,120,4.02,500,60,3.2,250,12,5.97,1000,36,4.97,500,12,2.97,250,3,2.85,2.19,1566.28,1203.6,565.19,434.32,2.176,53.84,41.37,42.6,32.74,18.97,14.58,,,10.24,7.87,31.3,24.05,,,22.12,17,31.78,24.42,,,31.01,23.83,,,24.85,19.09,,,22.94,17.63,82.28,63.22,30.52,23.45,259.81,199.65,,,120.55,92.64,45.9,35.27,16.36,12.57,86.5,66.47,61.32,47.12,,,81.94,62.97,38.09,29.27,,,57.08,43.86,18.24,14.02,31.51,24.21,69.17,53.15,66.54,51.13,43.46,33.4,84.42,64.87,42.71,32.82,47.43,36.45,14.41,11.07,48.14,36.99,,,109.25,83.95
423,4.46,1000,120,4.13,500,60,3.34,250,12,6.09,1000,36,5.09,500,12,3.09,250,3,2.76,2.13,1531.57,1180.59,556.84,429.23,2.2044,51.86,39.97,41.53,32.02,17.28,13.32,,,9.08,7,32.07,24.72,,,21.66,16.7,29.88,23.03,,,31.91,24.6,,,24.09,18.57,,,21.16,16.31,79.29,61.12,32.39,24.97,253.75,195.6,,,118.69,91.49,46.94,36.18,15.11,11.65,87.33,67.32,63.8,49.18,,,77.97,60.1,37.44,28.86,,,54.02,41.64,18.42,14.2,30.85,23.78,67.52,52.05,65.02,50.12,44.6,34.38,81.73,63,37.95,29.25,48.78,37.6,13.59,10.47,47.07,36.28,,,111.57,86
424,4.21,1000,120,3.9,500,60,3.33,250,12,6.22,1000,36,5.22,500,12,3.22,250,3,2.75,2.12,1483.86,1143.22,547.57,421.87,1.9647,45.49,35.05,41.09,31.66,15.32,11.8,,,8.45,6.51,23.23,17.9,,,22,16.95,27.39,21.1,,,30.23,23.29,,,25.52,19.66,,,18.5,14.25,80.86,62.29,31.13,23.98,252.13,194.25,,,100.01,77.05,46.49,35.82,11.95,9.21,88.03,67.82,65.28,50.29,,,73.34,56.5,36.54,28.15,,,50.34,38.78,17.83,13.73,30.7,23.65,60.72,46.78,61.33,47.25,45.43,35,80.12,61.73,38.32,29.52,46.73,36,12.66,9.76,43.1,33.21,,,98.27,75.71
425,3.91,1000,120,3.63,500,60,3.25,250,12,6.38,1000,36,5.38,500,12,3.38,250,3,2.91,2.25,1545.73,1191.5,558.69,430.66,1.625,46.18,35.6,41.42,31.93,18.69,14.41,,,10.59,8.16,25.82,19.9,,,23.95,18.46,32.21,24.83,,,32.39,24.97,,,25.97,20.02,,,21.21,16.35,90.73,69.94,29.84,23,266.01,205.05,,,98.04,75.57,47.33,36.48,13.02,10.04,87.05,67.1,62.15,47.91,,,73.23,56.45,38.06,29.34,,,49.43,38.1,18.82,14.51,30.15,23.24,62.83,48.43,69.6,53.65,46.33,35.71,78.51,60.52,35.23,27.16,50.46,38.9,12.18,9.39,41.3,31.83,,,99.61,76.78
426,4.06,1000,120,3.84,500,60,3.51,250,12,6.57,1000,36,5.57,500,12,3.57,250,3,2.91,2.25,1535.99,1191.33,547.29,424.48,2.2113,47.12,36.55,40.06,31.07,19.22,14.91,,,10.83,8.4,27.76,21.53,,,22.99,17.83,32.27,25.03,,,33.18,25.73,,,25.91,20.1,,,22.36,17.34,95.43,74.02,30.54,23.69,260.5,202.05,,,95.8,74.3,44.93,34.85,13.18,10.22,83.57,64.82,66.98,51.95,,,74.46,57.75,36.67,28.44,,,51,39.56,20.76,16.11,30.79,23.88,64.41,49.96,70.46,54.65,47.67,36.97,81.23,63,34.8,26.99,53.4,41.42,11.6,9,38.74,30.05,,,93.23,72.31
427,4.32,1000,120,4.16,500,60,3.83,250,12,6.77,1000,36,5.77,500,12,3.77,250,3,2.97,2.32,1581.5,1234.18,561.17,437.93,2.2214,44.5,34.73,39.41,30.76,22.3,17.4,,,14.48,11.3,29.22,22.8,,,21.44,16.73,32.82,25.61,,,35.62,27.8,,,27.34,21.34,,,,,109.3,85.3,31.01,24.2,252.76,197.25,,,106.36,83,44.3,34.57,13.74,10.72,82.33,64.25,65.94,51.46,,,75.9,59.23,36.03,28.12,,,53.23,41.54,22.55,17.6,31.51,24.59,67.53,52.7,74.83,58.4,49.54,38.66,85.57,66.78,36.92,28.81,49.76,38.83,12.14,9.47,40.12,31.31,,,96.23,75.1
428,4.02,1000,120,3.85,500,60,3.66,250,12,6.87,1000,36,5.87,500,12,3.87,250,3,2.81,2.22,1542.51,1220.33,576.45,456.05,2.1594,44.43,35.15,37.12,29.36,21.11,16.7,,,12.01,9.5,28.55,22.59,,,22.42,17.74,37.63,29.77,,,36.88,29.17,,,27.62,21.85,,,,,111.19,87.96,33.17,26.24,257.86,204,,,101.32,80.16,42.26,33.43,12.6,9.97,79.86,63.18,63.9,50.56,,,75.97,60.1,34.68,27.44,,,50.11,39.64,24.5,19.39,30.37,24.03,61.68,48.8,68.13,53.9,47.11,37.27,88.04,69.65,33.9,26.82,50.21,39.72,11.83,9.36,38.46,30.42,,,90.25,71.4
429,4.34,1000,120,4.18,500,60,4.01,250,12,7.13,1000,36,6.13,500,12,4.13,250,3,2.59,2.06,1549.47,1227.68,593.07,469.9,2.5263,45.23,35.84,37.03,29.34,19.44,15.4,,,11.8,9.35,30.71,24.33,,,22.53,17.85,40.8,32.33,,,38.73,30.69,,,27.33,21.65,,,,,113.88,90.23,34.11,27.03,256.33,203.1,,,100.99,80.02,42.47,33.65,12.43,9.85,80.65,63.9,64.14,50.82,,,81.54,64.61,35.84,28.4,,,46.02,36.46,26.32,20.85,29.82,23.63,61.46,48.7,65.31,51.75,49.99,39.61,90.49,71.7,29.37,23.27,53.56,42.44,11.55,9.15,37.17,29.45,,,92.36,73.18
430,4.58,1000,120,4.47,500,60,4.31,250,12,7.31,1000,36,6.31,500,12,4.31,250,3,2.5,1.97,1531.07,1207.01,604.65,476.67,2.8015,45.36,35.76,36.28,28.6,19.93,15.71,,,9.41,7.42,31.2,24.6,,,22.58,17.8,42.75,33.7,,,39.28,30.97,,,26.22,20.67,,,,,113.33,89.34,31.34,24.71,232.89,183.6,,,103.83,81.85,43.09,33.97,10.57,8.33,79.25,62.48,58.49,46.11,,,71.15,56.09,37.56,29.61,,,45.77,36.08,22.4,17.66,30.27,23.86,57.65,45.45,70.59,55.65,48.15,37.96,84.07,66.28,31.97,25.2,56.17,44.28,12.49,9.85,36.53,28.8,,,95.77,75.5
431,4.52,1000,120,4.45,500,60,4.36,250,12,7.45,1000,36,6.45,500,12,4.45,250,3,2.58,2.04,1584.94,1249.48,647.05,510.1,2.4416,47.7,37.6,36.73,28.96,21.94,17.3,,,9.01,7.1,29.92,23.59,,,21.35,16.83,46.27,36.48,,,40.81,32.17,,,26.94,21.24,,,,,124.3,97.99,30.11,23.74,248.88,196.2,,,113.09,89.15,45.48,35.85,10.45,8.24,78.46,61.85,59.84,47.17,,,74.04,58.37,38.26,30.16,,,45.89,36.18,22.57,17.79,31.9,25.15,58.35,46,68.49,53.99,46.5,36.66,85.06,67.06,33.61,26.5,59.11,46.6,13.21,10.41,39.78,31.36,,,99.92,78.77
432,4.39,1000,120,4.35,500,60,4.38,250,12,7.56,1000,36,6.56,500,12,4.56,250,3,2.72,2.16,1581.63,1254.42,693.29,549.86,3.066,48.57,38.52,34.14,27.08,22.19,17.6,,,8.84,7.01,31.52,25,,,21.7,17.21,45.58,36.15,,,39.88,31.63,,,25.68,20.37,,,,,115.45,91.56,30.27,24.01,231.49,183.6,,,103.2,81.85,44.28,35.12,9.77,7.75,75.78,60.1,60.23,47.77,,,70.73,56.1,38.14,30.25,,,47.13,37.38,23.13,18.34,30.84,24.46,54.23,43.01,69.35,55,46.9,37.2,80.32,63.7,30.7,24.35,59.9,47.51,12.46,9.88,42.21,33.48,,,98.48,78.11
433,4.57,1000,120,4.51,500,60,4.6,250,12,7.72,1000,36,6.72,500,12,4.72,250,3,2.73,2.17,1613.17,1280.08,699.42,555,2.576,47.05,37.34,35.9,28.49,19.79,15.7,,,8.86,7.03,38.58,30.61,,,18.02,14.3,43.14,34.23,,,41.38,32.83,,,25.27,20.05,,,,,114.78,91.08,31.35,24.88,232.51,184.5,,,101.95,80.9,41.16,32.66,10.75,8.53,72.68,57.67,63.23,50.17,,,79.1,62.77,39.51,31.35,,,45.95,36.46,28.9,22.94,32.77,26,56.65,44.95,68.81,54.6,47.03,37.32,90.72,71.99,27.66,21.95,60.49,48,12.7,10.08,40.52,32.15,,,91.11,72.3
434,4.59,1000,120,4.63,500,60,4.74,250,12,7.88,1000,36,6.88,500,12,4.88,250,3,2.95,2.35,1611.48,1280.66,701,557.09,2.37,49.4,39.26,38.37,30.5,18.03,14.33,,,9.03,7.18,39.91,31.72,,,17.03,13.53,49.89,39.65,,,38.92,30.93,,,25.79,20.49,,,,,108.81,86.47,30.35,24.12,253.3,201.3,,,100.92,80.2,41.49,32.97,10.07,8,72.5,57.62,62.41,49.6,,,74.98,59.59,41.93,33.32,,,45.55,36.2,26.65,21.18,34.73,27.6,56.95,45.26,68.69,54.59,46.12,36.65,84.21,66.92,30.67,24.37,64.53,51.28,13.39,10.64,40.59,32.26,,,93.35,74.19
435,4.86,1000,120,4.82,500,60,4.82,250,12,8.03,1000,36,7.03,500,12,5.03,250,3,2.95,2.36,1627.98,1300.25,764.56,610.65,2.9884,49.88,39.84,38.94,31.1,17.88,14.28,,,9.7,7.75,42.32,33.8,,,16.99,13.57,51.65,41.25,,,42.71,34.11,,,26.15,20.89,,,,,116.72,93.22,30.25,24.16,250.35,199.95,,,103.86,82.95,43.5,34.74,10.3,8.23,74.43,59.45,64.78,51.74,,,76.25,60.9,43.76,34.95,,,47.63,38.04,28.53,22.79,33.84,27.03,56.4,45.05,65.8,52.55,43.03,34.37,87.02,69.5,29.2,23.32,62.48,49.9,13.8,11.02,42.67,34.08,,,95.81,76.52
436,5.14,1000,120,4.99,500,60,4.97,250,12,8.15,1000,36,7.15,500,12,5.15,250,3,3.1,2.48,1636.06,1310.61,843.1,675.39,3.479,47.2,37.81,37.1,29.72,17.4,13.94,,,8.78,7.03,46,36.85,,,18.2,14.58,52.32,41.91,,,44.44,35.6,,,25.76,20.64,,,,,106.88,85.62,30.9,24.75,249.6,199.95,,,103.1,82.59,43.24,34.64,8.84,7.08,73.29,58.71,63.54,50.9,,,79.14,63.4,46.62,37.35,,,48.31,38.7,29.86,23.92,32.94,26.39,59.96,48.03,66.78,53.5,41.81,33.49,92.69,74.25,29.3,23.47,48.4,38.77,12.38,9.92,44.74,35.84,,,106.74,85.51
437,5.11,1000,120,5.03,500,60,5.05,250,12,8.35,1000,36,7.35,500,12,5.35,250,3,3.17,2.54,1581.5,1270.05,742.34,596.15,3.131,45.18,36.28,35.25,28.31,15.88,12.75,,,7.7,6.18,52.57,42.22,,,19.95,16.02,44.58,35.8,,,42.59,34.2,,,25.57,20.53,,,,,106.01,85.14,30.08,24.16,236.84,190.2,,,99.48,79.89,42.71,34.3,8.98,7.21,75.02,60.25,61.33,49.25,,,75.21,60.4,45.39,36.45,,,43.78,35.16,27.76,22.29,32.81,26.35,61,48.99,61.33,49.25,42.84,34.4,86.68,69.61,25.75,20.68,47.65,38.27,11.65,9.36,41.58,33.39,,,104.18,83.66
438,5.15,1000,120,5.1,500,60,5.21,250,12,8.46,1000,36,7.46,500,12,5.46,250,3,3.02,2.44,1576.4,1272.86,784.83,633.71,2.605,45.04,36.36,37.03,29.9,13.8,11.14,,,7.43,6,51.46,41.55,,,18.54,14.97,43.46,35.09,,,43.97,35.5,,,24.82,20.04,,,,,100.38,81.05,29.17,23.55,237.79,192,,,96.23,77.7,41.28,33.33,8.32,6.72,74.48,60.14,64.1,51.76,,,77.59,62.65,44.06,35.58,,,43.72,35.3,30.64,24.74,34.32,27.71,64.7,52.24,61.03,49.28,42.31,34.16,86.62,69.94,20.98,16.94,48.73,39.35,11.5,9.29,39.24,31.69,,,101.11,81.64
439,4.99,1000,120,4.9,500,60,5.11,250,12,8.38,1000,36,7.38,500,12,5.38,250,3,2.97,2.4,1576.43,1278.53,779.66,632.33,3.2193,45.75,37.1,37.48,30.4,13.51,10.96,,,8.2,6.65,54.87,44.5,,,17.39,14.1,42.21,34.23,,,46.09,37.38,,,28.13,22.81,,,,,112.5,91.24,28.01,22.72,237.66,192.75,,,94.51,76.65,40.26,32.65,8.24,6.68,76.91,62.38,64.91,52.65,,,82.91,67.24,42.23,34.25,,,46.78,37.94,33.83,27.44,37.24,30.2,75.34,61.1,56.22,45.6,44.54,36.12,88.99,72.17,21.04,17.06,38.53,31.25,11.74,9.53,42.07,34.12,,,86.31,70
440,4.73,1000,120,4.68,500,60,4.99,250,12,8.34,1000,36,7.34,500,12,5.34,250,3,3.05,2.46,1615.52,1303.8,741.05,598.06,3.3433,48.62,39.24,39.48,31.86,16.98,13.7,,,9.14,7.38,51.32,41.42,,,18.21,14.7,43.13,34.81,,,47.87,38.63,,,30.09,24.28,,,,,117.61,94.92,30.94,24.97,256.3,206.85,,,100.53,81.13,42.35,34.18,10.43,8.42,80.38,64.87,65.13,52.56,,,84.07,67.85,42.74,34.49,,,51.45,41.52,31.17,25.15,38.82,31.33,71.97,58.08,60.65,48.95,45.41,36.65,84.11,67.88,21.8,17.59,45.78,36.95,12.59,10.16,42.83,34.57,,,88.89,71.74
441,4.64,1000,120,4.59,500,60,4.91,250,12,8.33,1000,36,7.33,500,12,5.33,250,3,3.27,2.63,1666.71,1339.15,729.07,585.78,3.3388,50.74,40.76,41.41,33.27,18.27,14.68,,,9.77,7.85,47.12,37.86,,,,,42.58,34.21,,,47.42,38.1,,,30.55,24.55,,,,,124.53,100.05,33.79,27.15,263.42,211.65,,,101.93,81.9,44.08,35.42,10.27,8.25,80.82,64.94,66.39,53.34,,,83.61,67.18,46.47,37.34,,,51.28,41.2,28.13,22.6,40.29,32.37,77.04,61.9,70.06,56.29,45.81,36.81,81.55,65.52,18.36,14.75,48.58,39.03,12.71,10.21,42.52,34.16,,,92.85,74.6
442,4.57,1000,120,4.52,500,60,4.95,250,12,8.32,1000,36,7.32,500,12,5.32,250,3,4.15,3.33,1713.92,1377.76,781.01,627.83,2.475,,,41.67,33.5,19.19,15.43,,,10.57,8.5,47.73,38.37,,,,,43.24,34.76,,,48.45,38.95,,,,,,,,,116.67,93.79,30.24,24.31,273.37,219.75,,,115.07,92.5,43.79,35.2,10.36,8.33,83.82,67.38,68.66,55.19,,,89.04,71.58,46.71,37.55,,,56.25,45.22,32.27,25.94,42.91,34.49,77.82,62.56,73.83,59.35,51.81,41.65,83.98,67.51,19.89,15.99,51.76,41.61,12.94,10.4,40.96,32.93,,,98.06,78.83
443,4.43,1000,120,4.39,500,60,4.87,250,12,8.32,1000,36,7.32,500,12,5.32,250,3,4.79,3.87,1732.93,1400.63,778.75,629.42,3.1168,,,40.58,32.8,20.97,16.95,,,13.04,10.54,43.59,35.23,,,,,44.15,35.68,,,49.38,39.91,,,,,,,,,110.59,89.38,30.4,24.57,262.79,212.4,,,113.7,91.9,43.77,35.38,10.02,8.1,81.55,65.91,68.48,55.35,,,95,76.78,45.47,36.75,,,57.93,46.82,34.75,28.09,42,33.95,77.95,63,72.07,58.25,51.48,41.61,83.84,67.76,19.67,15.9,51.38,41.53,13.15,10.63,40.51,32.74,,,100.9,81.55
444,4.71,1000,120,4.7,500,60,5,250,12,8.32,1000,36,7.32,500,12,5.32,250,3,4.82,3.9,1759.81,1424.71,779.62,631.17,3.05,,,43.09,34.89,,,,,12.22,9.89,39.35,31.86,,,,,43.66,35.35,,,51.42,41.63,,,,,,,,,102.46,82.95,33.12,26.81,266.62,215.85,,,119.81,97,46.3,37.48,9.23,7.47,81.73,66.17,71.08,57.55,,,95.12,77.01,45.39,36.75,,,58.75,47.56,34.19,27.68,44.05,35.66,84.57,68.47,70.67,57.21,52.62,42.6,82.77,67.01,21.12,17.1,53.64,43.43,13.48,10.91,41.44,33.55,,,96.47,78.1
445,4.84,1000,120,4.84,500,60,5.09,250,12,8.31,1000,36,7.31,500,12,5.31,250,3,4.9,3.98,1769.24,1437.9,817.93,664.75,2.7995,,,44.53,36.19,,,,,12.8,10.4,42.22,34.31,,,,,44.14,35.87,,,53.65,43.6,,,,,,,,,99.13,80.57,32.7,26.58,269.28,218.85,,,121.78,98.97,44.52,36.18,10.05,8.17,82.19,66.8,72.9,59.25,,,91.77,74.58,46.9,38.12,,,59.5,48.36,32.9,26.74,46.39,37.7,77.27,62.8,75.41,61.29,53.68,43.63,78.4,63.72,22.33,18.15,51.87,42.16,14.25,11.59,41.45,33.69,,,91.97,74.75
446,4.56,1000,120,4.5,500,60,4.95,250,12,8.3,1000,36,7.3,500,12,5.3,250,3,5.24,4.28,1722.02,1406.8,801.64,654.9,2.6235,,,42.28,34.54,,,,,12.74,10.41,41.29,33.73,,,,,45.78,37.4,,,52.76,43.1,,,,,,,,,91.99,75.15,31.54,25.77,266.97,218.1,,,110.47,90.25,42.36,34.61,9.51,7.77,76.32,62.35,72.12,58.92,,,86.79,70.9,41.45,33.86,,,55.94,45.7,32.78,26.78,44.27,36.17,67.24,54.93,74.42,60.8,54.16,44.25,74.67,61,19.77,16.15,53.41,43.63,14,11.44,43.1,35.21,,,90.58,74
447,4.65,1000,120,4.54,500,60,4.9,250,12,8.31,1000,36,7.31,500,12,5.31,250,3,4.57,3.75,1736.05,1422.52,829.11,679.37,3.087,,,42.84,35.1,,,,,16.5,13.52,45.83,37.55,,,,,46.38,38,,,55.81,45.73,,,,,,,,,87.27,71.51,33.87,27.75,271.66,222.6,,,115.01,94.24,43.4,35.56,9.73,7.97,73.75,60.43,74.94,61.41,,,93.04,76.24,42.52,34.84,,,59.8,49,37.17,30.46,47.93,39.27,69.47,56.92,72.92,59.75,60.03,49.19,79.59,65.22,17.71,14.51,53.12,43.53,14.09,11.54,43.3,35.48,,,92.73,75.98
448,4.64,1000,120,4.54,500,60,4.89,250,12,8.31,1000,36,7.31,500,12,5.31,250,3,4.59,3.77,1801.64,1482.37,810.56,666.92,3.0807,,,43.49,35.78,,,,,15.69,12.91,44.94,36.98,,,,,47.28,38.9,,,57.73,47.5,,,,,,,,,85.49,70.34,40.95,33.69,283.85,233.55,,,124.04,102.06,44.75,36.82,9.77,8.04,78.43,64.53,76.39,62.85,,,96.62,79.5,45.39,37.35,,,61.72,50.78,36.85,30.32,47.31,38.93,67.87,55.84,71.84,59.11,60.77,50,82.33,67.74,19.2,15.8,57.16,47.03,15.42,12.69,45.37,37.33,,,100.6,82.77
449,4.95,1000,120,4.92,500,60,4.98,250,12,8.33,1000,36,7.33,500,12,5.33,250,3,4.69,3.87,1855.99,1530.62,794.83,655.49,3.237,,,49.28,40.64,,,,,16.89,13.93,42.5,35.05,,,,,52.04,42.92,,,62.16,51.26,,,,,,,,,89.7,73.98,44.91,37.04,288.47,237.9,,,129.28,106.62,45.69,37.68,10.15,8.37,76.82,63.35,71.34,58.83,,,101.32,83.56,47.4,39.09,,,56.63,46.7,44.81,36.95,50.2,41.4,67.71,55.84,75.68,62.41,57.75,47.63,80.94,66.75,19,15.67,64.53,53.22,16.81,13.86,47.12,38.86,,,106.65,87.95
450,5.03,1000,120,4.92,500,60,4.91,250,12,8.32,1000,36,7.32,500,12,5.32,250,3,4.09,3.38,1822.52,1505.7,805.29,665.3,3.437,,,46.5,38.42,,,,,18.86,15.58,39.39,32.54,,,,,51.15,42.26,,,61.78,51.04,,,,,,,,,87.44,72.24,45.73,37.78,281.78,232.8,,,128.26,105.96,46.27,38.23,11.62,9.6,74.54,61.58,66.34,54.81,,,101.86,84.15,47.44,39.19,,,50.84,42,43.79,36.18,49.57,40.95,62.94,52,77.73,64.22,54.35,44.9,87.21,72.05,18.75,15.49,60.52,50,16.07,13.28,45.96,37.97,,,105.43,87.1
451,4.76,1000,120,4.6,500,60,4.82,250,12,8.49,1000,36,7.49,500,12,5.49,250,3,3.86,3.19,1760.83,1455.18,805.17,665.41,2.4582,,,48.01,39.68,,,,,23.27,19.23,41.07,33.94,,,,,48.98,40.48,,,57.2,47.27,,,,,,,,,82.28,67.99,45.61,37.69,245.58,202.95,,,133.58,110.39,46.71,38.6,10.26,8.48,73.22,60.51,62.08,51.3,,,102.84,84.99,46.95,38.8,,,48.69,40.24,39.16,32.36,47.36,39.14,62.87,51.96,73.33,60.6,52.64,43.5,84.57,69.89,15.75,13.02,57.49,47.51,15.42,12.74,44.2,36.53,,,107.62,88.94
452,4.54,1000,120,4.25,500,60,4.19,250,12,8.46,1000,36,7.46,500,12,5.46,250,3,4.06,3.37,1756.33,1457.61,858.7,712.65,2.8492,,,47.59,39.5,,,,,22.8,18.92,40.73,33.8,,,,,52.55,43.61,,,56.03,46.5,,,,,,,,,82.42,68.4,45.98,38.16,261.53,217.05,,,139.76,115.99,46.75,38.8,9.4,7.8,74.68,61.98,66.08,54.84,,,104.28,86.54,45.34,37.63,,,46.44,38.54,38.96,32.33,48.32,40.1,71.08,58.99,78,64.73,54.14,44.93,81.47,67.61,15.44,12.81,61.3,50.87,15.72,13.04,41.53,34.47,,,108.22,89.81
453,4.56,1000,120,4.24,500,60,4.11,250,12,8.08,1000,36,7.08,500,12,5.08,250,3,4.43,3.69,1834.63,1527.29,906.45,754.6,2.5482,,,49.86,41.51,,,,,21.38,17.8,39.74,33.08,,,,,53.97,44.93,,,58.37,48.59,,,,,,,,,89.84,74.79,48.27,40.18,259.83,216.3,,,141.28,117.61,49.59,41.28,10.28,8.56,78.87,65.66,67.68,56.34,,,111.05,92.45,45.47,37.85,,,42.02,34.98,40.86,34.01,50.96,42.42,72.67,60.5,76.61,63.78,56.01,46.63,83.15,69.22,16.85,14.03,65.56,54.58,16.09,13.4,42.59,35.45,,,112.72,93.84
454,4.36,1000,120,4.02,500,60,3.89,250,12,7.97,1000,36,6.97,500,12,4.97,250,3,4.4,3.69,1842.38,1545.79,960.94,806.25,2.0617,,,51,42.79,,,,,10.8,9.06,42.31,35.5,,,,,54.78,45.96,,,57.9,48.58,,,,,,,,,89.57,75.15,51.63,43.32,232.41,195,,,137.66,115.5,48.74,40.89,10.45,8.77,77.23,64.8,68.26,57.27,,,107.07,89.83,43.38,36.4,,,44.89,37.66,41.24,34.6,49.64,41.65,69.26,58.11,72.45,60.79,57.08,47.89,92.95,77.99,16.45,13.8,66.83,56.07,14.7,12.33,42.86,35.96,,,102.58,86.07
455,3.97,1000,120,3.41,500,60,3.26,250,12,8.02,1000,36,7.02,500,12,5.02,250,3,4.73,3.98,1749.16,1471.83,954.54,803.2,1.8256,,,47.68,40.12,,,,,11.17,9.4,43.4,36.52,,,,,59.73,50.26,,,55.88,47.02,,,,,,,,,78.26,65.85,47.19,39.71,235.31,198,,,129.03,108.57,45.96,38.67,8.81,7.41,81.45,68.54,71.2,59.91,,,105.2,88.52,40.53,34.1,,,30.85,25.96,39.75,33.45,46.06,38.76,66.82,56.23,72.07,60.64,57.03,47.99,87.15,73.33,15.07,12.68,66.84,56.24,13.91,11.71,39.47,33.21,,,100.35,84.44
456,4.04,1000,120,3.45,500,60,3.34,250,12,6.84,1000,36,5.84,500,12,3.84,250,3,5.39,4.55,1747.2,1475.25,1053.59,889.6,2.1042,,,49.2,41.54,,,,,10.07,8.5,55.7,47.03,,,,,56.58,47.77,,,59.82,50.51,,,,,,,,,77.56,65.49,47.43,40.05,227.75,192.3,,,129.7,109.51,44.18,37.3,7.9,6.67,79.69,67.29,72.09,60.87,,,112.05,94.61,39.14,33.05,,,32.88,27.76,44.01,37.16,50.2,42.39,69.7,58.85,60.11,50.75,55.25,46.65,88.52,74.74,13.81,11.66,68.17,57.56,13.36,11.28,37.85,31.96,,,100.25,84.65
457,3.62,1000,120,2.75,500,60,2.13,250,12,6.06,1000,36,5.06,500,12,3.06,250,3,5.91,5,1628.79,1378.6,1089.68,922.3,1.0863,,,43.29,36.64,,,,,10.56,8.94,52.27,44.24,,,,,51.36,43.47,,,54.94,46.5,,,,,,,,,61.61,52.15,42.18,35.7,202.92,171.75,,,126.61,107.16,42.05,35.59,7.9,6.69,74.85,63.35,66.03,55.89,,,103.62,87.7,38.35,32.46,,,32.44,27.46,34.05,28.82,45.58,38.58,71.47,60.49,65.4,55.35,50.59,42.82,74.84,63.34,14.37,12.16,62.83,53.18,13.53,11.45,37.52,31.76,,,94.27,79.79
458,3.53,1000,120,2.5,500,60,1.77,250,12,5.79,1000,36,4.79,500,12,2.79,250,3,6.53,5.54,1605.88,1364.07,1140.1,968.43,1.1859,,,40.49,34.39,,,,,9.58,8.14,54.51,46.3,,,,,49.74,42.25,,,50.03,42.5,,,,,,,,,49.07,41.68,43.63,37.06,198.49,168.6,,,134.26,114.04,39.72,33.74,7.73,6.57,73.81,62.7,63.18,53.67,,,104.51,88.77,39.71,33.73,,,29.53,25.08,37.68,32.01,41.93,35.62,65.34,55.5,62.78,53.33,49.05,41.66,77.41,65.75,14.87,12.63,60.05,51.01,13.34,11.33,37.5,31.85,,,93.77,79.65
459,3.57,1000,120,2.65,500,60,1.62,250,12,5.85,1000,36,4.85,500,12,2.85,250,3,6.86,5.84,1557.94,1326.41,1068.49,909.7,0.9072,,,40.96,34.87,,,,,9.9,8.43,48.23,41.06,,,,,47.84,40.73,,,46.85,39.89,,,,,,,,,45.11,38.4,40.24,34.26,187.81,159.9,,,135.31,115.2,43.88,37.36,6.78,5.77,76.5,65.13,63.36,53.94,,,99.6,84.8,39.69,33.79,,,28.94,24.64,32.1,27.33,45.46,38.7,71.32,60.72,59.97,51.06,48.88,41.62,70.9,60.36,15.2,12.94,49.33,42,13.62,11.6,31.91,27.17,,,93.51,79.61
460,3.78,1000,120,3.06,500,60,1.94,250,12,5.66,1000,36,4.66,500,12,2.66,250,3,7.21,6.17,1618.32,1385.97,1039.8,890.51,1.164,,,42.06,36.02,,,,,8.76,7.5,51.47,44.08,,,,,53.31,45.66,,,48.82,41.81,,,,,,,,,47.01,40.26,42.04,36,186.53,159.75,,,141.35,121.06,38.3,32.8,9.67,8.28,78.38,67.13,64.35,55.11,,,105.2,90.1,42.18,36.12,,,31.01,26.56,32.23,27.6,45.88,39.29,67.5,57.81,61.84,52.96,52.15,44.66,84.67,72.51,15.58,13.34,51.2,43.85,15.7,13.45,30.05,25.74,,,89.84,76.94
461,4.06,1000,120,3.41,500,60,2.22,250,12,5.76,1000,36,4.76,500,12,2.76,250,3,6.92,5.99,1615.85,1398.36,1074.65,930,1.3764,,,41.63,36.02,,,,,8.89,7.69,46,39.81,,,,,54.48,47.15,,,57.19,49.49,,,,,,,,,43.82,37.92,40.81,35.32,203.84,176.4,,,149.32,129.22,35.58,30.79,7.95,6.88,76.83,66.49,64.13,55.5,,,103.51,89.58,43.34,37.51,,,28.75,24.88,35.34,30.58,46.51,40.25,61.13,52.9,62.23,53.85,49.94,43.22,83.19,71.99,15.41,13.34,53.69,46.46,15.66,13.55,31.37,27.15,,,88.87,76.91
462,4.01,1000,120,3.33,500,60,2.38,250,12,5.79,1000,36,4.79,500,12,2.79,250,3,8.4,7.32,1464.8,1276.69,1055.55,920,1.309,,,37.63,32.8,,,,,8.03,7,38.21,33.3,,,,,52.35,45.63,,,53.59,46.71,,,,,,,,,33.63,29.31,39.54,34.46,193.27,168.45,,,134.81,117.5,30.31,26.42,5.4,4.71,73.14,63.75,59.17,51.57,,,100.82,87.87,42.5,37.04,,,22.33,19.46,35.3,30.77,38.33,33.41,41.6,36.26,52.72,45.95,45.8,39.92,79.06,68.91,13.91,12.12,45.89,40,13.46,11.73,26.04,22.69,,,78.78,68.66
463,3.97,1000,120,3.23,500,60,2.25,250,12,5.79,1000,36,4.79,500,12,2.79,250,3,6.49,5.65,1458.63,1269.42,959.46,835,1.4175,,,37.12,32.3,,,,,6.94,6.04,33.09,28.8,,,,,52.86,46,,,51.12,44.49,,,,,,,,,40.88,35.57,43.56,37.91,199.76,173.85,,,147.68,128.52,32.67,28.43,5.52,4.8,78.71,68.5,60.33,52.5,,,92.56,80.55,41.39,36.02,,,22.71,19.76,33.02,28.74,35.63,31.01,38.84,33.8,52.3,45.52,45.59,39.68,71.07,61.85,13.6,11.84,47.02,40.92,12.88,11.21,31.64,27.53,,,81.04,70.53
464,3.83,1000,120,3.1,500,60,2.17,250,12,6.59,1000,36,5.59,500,12,3.59,250,3,6.68,5.82,1488.46,1296.49,1020.06,888.5,1.1718,,,37.92,33.03,,,,,8.37,7.29,29.75,25.91,,,,,54.74,47.68,,,50.02,43.57,,,,,,,,,44.23,38.53,43.62,37.99,215.78,187.95,,,142.03,123.71,33.04,28.78,5.03,4.38,81.72,71.18,61.31,53.4,,,93.57,81.5,40.37,35.16,,,26.61,23.18,31.37,27.33,36.75,32.01,47.11,41.03,61.32,53.41,45.53,39.66,66.59,58,14.67,12.78,49.29,42.93,13.16,11.46,31.28,27.25,,,82.82,72.14
465,3.77,1000,120,2.87,500,60,1.72,250,12,7.32,1000,36,6.32,500,12,4.32,250,3,5.6,4.84,1348.14,1164.17,846.23,730.75,1.1868,,,34.53,29.82,,,,,8.09,6.99,25.19,21.75,,,,,51.88,44.8,,,45.31,39.13,,,,,,,,,33.19,28.66,39.85,34.41,198.2,171.15,,,,,,,5.5,4.75,79.98,69.07,60.55,52.29,,,89.39,77.19,36.39,31.42,,,25.14,21.71,26.55,22.92,32.6,28.15,50.46,43.57,56.18,48.51,42.56,36.75,57.79,49.9,13.32,11.5,41.11,35.5,11.35,9.8,29.65,25.6,,,78.36,67.67
466,4.01,1000,120,2.8,500,60,1.34,250,12,5.36,1000,36,4.36,500,12,2.36,250,3,4.73,4.01,1123.62,953.11,960.21,814.5,0.871,,,33.92,28.77,,,,,7.54,6.4,26.37,22.37,,,,,45.95,38.98,,,37.62,31.91,,,,,,,,,24.35,20.66,34.31,29.1,124.49,105.6,,,,,,,2.61,2.21,71.72,60.84,58.89,49.95,,,87.67,74.37,37.12,31.49,,,11.6,9.84,19.12,16.22,31.76,26.94,49.44,41.94,44.75,37.96,38.41,32.58,56.78,48.16,10.21,8.66,30.57,25.93,10.03,8.51,18.89,16.03,,,73.66,62.48
467,2.72,1000,120,1.71,500,60,0.81,250,12,4.77,1000,36,3.77,500,12,1.77,250,3,4.15,3.49,1056.28,888.61,1033.86,869.75,0.5508,,,35.83,30.14,,,,,7.01,5.9,31.24,26.28,,,,,54.44,45.8,,,31.27,26.31,,,,,,,,,20.37,17.14,23.2,19.52,152.63,128.4,,,,,,,3.57,3,68.54,57.66,54.24,45.63,,,92.59,77.89,34.48,29.01,,,8.72,7.34,17.81,14.98,33.28,28,50.7,42.65,39.55,33.27,36.29,30.53,54.63,45.96,7.11,5.98,25.51,21.46,10.58,8.9,14.23,11.97,,,77.21,64.95
468,2.25,1000,120,1.55,500,60,0.37,250,12,4.02,1000,36,3.02,500,12,1.02,250,3,4.83,4.07,1055.96,890.59,1090.24,919.5,0.2405,,,36.9,31.12,,,,,7.19,6.06,34.11,28.77,,,,,54.89,46.29,,,32.42,27.34,,,,,,,,,19.51,16.45,23.38,19.72,149.93,126.45,,,,,,,2.72,2.29,70.17,59.18,53.07,44.76,,,92.98,78.42,37.99,32.04,,,9.89,8.34,18.81,15.87,33.42,28.19,53.38,45.02,39.39,33.22,38.36,32.35,54.25,45.75,8.76,7.39,34.94,29.47,12.15,10.25,13.6,11.47,,,67.86,57.23
469,2.87,1000,120,1.85,500,60,0.51,250,12,4.16,1000,36,3.16,500,12,1.16,250,3,4.48,3.79,999.08,845.69,1124.68,952,0.3213,,,33.54,28.39,,,,,7.56,6.4,32.26,27.31,,,,,45.16,38.23,,,29.32,24.82,,,,,,,,,22.35,18.92,24.19,20.48,146.02,123.6,,,,,,,2.35,1.99,68.73,58.18,54.44,46.08,,,92.44,78.25,37.88,32.06,,,8.87,7.51,20.42,17.28,29.26,24.77,53.99,45.7,38.97,32.99,38.81,32.85,50.74,42.95,10.75,9.1,37.98,32.15,11.89,10.06,11.93,10.1,,,66.85,56.59
470,3.02,1000,120,1.99,500,60,0.72,250,12,4.07,1000,36,3.07,500,12,1.07,250,3,4.23,3.57,886.83,749.93,1061.63,897.75,0.36,,,31.34,26.5,,,,,10.67,9.02,31.63,26.75,,,,,43.85,37.08,,,23.58,19.94,,,,,,,,,16.92,14.31,23.23,19.64,125.94,106.5,,,,,,,2.28,1.93,61.01,51.59,48.6,41.1,,,82.53,69.79,32.09,27.14,,,9.19,7.77,16.53,13.98,27.72,23.44,52.03,44,32.6,27.57,33.81,28.59,44.89,37.96,8.54,7.22,28.61,24.19,11.67,9.87,6.64,5.61,,,53.98,45.65
471,2.68,1000,120,1.65,500,60,0.58,250,12,3.89,1000,36,2.89,500,12,0.89,250,3,4.68,3.96,937.52,793.59,1043.44,883.25,0.3074,,,33.08,28.01,,,,,13.56,11.48,32.31,27.35,,,,,47.34,40.07,,,25.55,21.63,,,,,,,,,19.58,16.57,23.46,19.86,125.81,106.5,,,,,,,3.02,2.56,61.79,52.3,50.29,42.57,,,79.2,67.04,29.91,25.32,,,14.15,11.98,18.09,15.31,29.26,24.77,60.79,51.46,40.08,33.93,29.57,25.03,46.37,39.25,9.16,7.75,28.34,23.99,12.72,10.77,8.16,6.9,,,57.83,48.95
472,3.21,1000,120,2.03,500,60,0.49,250,12,3.57,1000,36,2.57,500,12,0.57,250,3,4.88,4.14,1029.51,872.74,1150.72,975.5,0.3087,,,33.59,28.47,,,,,14.54,12.33,29.09,24.66,,,,,46.24,39.2,,,29.34,24.87,,,,,,,,,26.23,22.23,25.36,21.5,125.98,106.8,,,,,,,7.07,5.99,61.97,52.53,48.94,41.49,,,79.19,67.13,31.38,26.6,,,18.93,16.05,20.9,17.72,30.53,25.88,61.53,52.16,47.63,40.38,31.25,26.49,50.92,43.17,9.87,8.37,26.19,22.2,11.14,9.44,14.94,12.66,,,67.9,57.56
473,3.71,1000,120,2.55,500,60,0.48,250,12,3.39,1000,36,2.39,500,12,0.39,250,3,5.21,4.46,1080.14,923.26,1093.29,934.5,0.3024,,,32.4,27.7,,,,,14.21,12.15,32.61,27.87,,,,,42.41,36.25,,,31.82,27.2,,,,,,,,,29.09,24.86,27.1,23.16,128.81,110.1,,,,,,,6.96,5.95,65.22,55.75,49.84,42.6,,,82.43,70.46,32.68,27.93,,,21.64,18.5,22.65,19.36,29.21,24.97,58.95,50.39,46.64,39.87,31.1,26.58,59.67,51,11.11,9.5,31.62,27.03,11.8,10.09,16.86,14.41,,,67.74,57.9
474,3.55,1000,120,2.51,500,60,0.54,250,12,3.35,1000,36,2.35,500,12,0.35,250,3,4.17,3.56,1077.6,920.82,1098.88,939,0.3186,,,33.84,28.92,,,,,14.65,12.52,31.57,26.98,,,,,44.34,37.89,,,32.21,27.52,,,,,,,,,31.41,26.84,24.4,20.85,126.21,107.85,,,,,,,7.16,6.12,66.49,56.82,51.15,43.71,,,82.7,70.67,33.07,28.26,,,24.66,21.07,21.3,18.21,29.19,24.94,65.42,55.9,46.39,39.64,34.05,29.1,56.59,48.36,11.82,10.1,29.07,24.84,13.86,11.85,17.57,15.01,,,70.58,60.31
475,3.52,1000,120,2.53,500,60,0.48,250,12,3.3,1000,36,2.3,500,12,0.3,250,3,3.96,3.4,1150.96,986.8,1114.46,955.5,0.264,,,35.27,30.24,,,,,14.61,12.53,35.19,30.17,,,,,46,39.44,,,34.5,29.58,,,,,,,,,34.37,29.47,26.83,23,123.17,105.6,,,,,,,8.7,7.46,72.12,61.83,54.2,46.47,,,82.06,70.36,32.76,28.09,,,25.99,22.28,22.1,18.95,30.72,26.34,65.98,56.57,50.68,43.45,36.59,31.37,57.97,49.7,12.59,10.79,31.89,27.34,14.25,12.22,21.44,18.38,,,81.87,70.19
476,3.38,1000,120,2.33,500,60,0.43,250,12,3.25,1000,36,2.25,500,12,0.25,250,3,5.67,4.87,7733.46,6643.24,1182.44,1015.75,0.2322,,,33.7,28.95,,,,,16.29,13.99,33.38,28.67,,,,,48.56,41.71,,,39.5,33.93,,,,,,,,,34.64,29.75,28.57,24.54,124.68,107.1,,,,,,,8.74,7.51,,,53.92,46.32,,,80.24,68.93,34.85,29.94,,,27.46,23.59,21.31,18.31,30.21,25.95,62.18,53.41,54.39,46.72,36.54,31.39,59.53,51.14,13.57,11.66,32.49,27.91,14.12,12.13,26.24,22.54,,,83.59,71.81
477,3.21,1000,120,2.2,500,60,0.37,250,12,3.24,1000,36,2.24,500,12,0.24,250,3,5.25,4.53,8020.94,6910.87,1207.05,1040,0.259,,,32.97,28.41,,,,,14.94,12.87,33.72,29.05,,,,,47.38,40.82,,,39.41,33.96,,,,,,,,,39.93,34.4,28.56,24.61,131.44,113.25,,,,,,,8.33,7.18,,,54.77,47.19,,,79.38,68.39,34.31,29.56,,,30.94,26.66,22.06,19.01,31.34,27,56.12,48.35,53.99,46.52,36.26,31.24,61.41,52.91,12.28,10.58,32.23,27.77,14.28,12.3,25.48,21.95,,,85.38,73.56
478,3.41,1000,120,2.31,500,60,0.37,250,12,3.21,1000,36,2.21,500,12,0.21,250,3,5.72,4.94,8045.56,6955.3,1360.05,1175.75,0.259,,,32.53,28.12,,,,,13.8,11.93,35.63,30.8,,,,,44.53,38.5,,,39.4,34.06,,,,,,,,,41.57,35.94,27.85,24.08,125.1,108.15,,,,,,,8.42,7.28,,,56.29,48.66,,,84.87,73.37,35.54,30.72,,,30.19,26.1,22.94,19.83,30.25,26.15,52.63,45.5,57.18,49.43,35.63,30.8,67.08,57.99,9.55,8.26,30.68,26.52,14.51,12.54,26.52,22.93,,,86.87,75.1
479,3.28,1000,120,2.03,500,60,0.26,250,12,3.22,1000,36,2.22,500,12,0.22,250,3,6.75,5.84,8199.84,7092.36,1257.31,1087.5,0.13,,,34.46,29.81,,,,,12.53,10.84,36.13,31.25,,,,,45.61,39.45,,,,,,,,,,,,,37.72,32.62,30.94,26.76,137.87,119.25,,,,,,,10.42,9.01,,,57.92,50.1,,,87.87,76,38.03,32.89,,,30.3,26.21,22.62,19.57,31.42,27.18,55.14,47.69,54.43,47.08,37.31,32.27,67.43,58.32,9.77,8.45,33.81,29.24,14.32,12.39,,,,,90.01,77.85
480,3.85,1000,120,2.69,500,60,0.47,250,12,3.2,1000,36,2.2,500,12,0.2,250,3,6.26,5.42,8366.55,7241.25,1246.1,1078.5,0.2726,,,36.25,31.37,,,,,11.67,10.1,36.64,31.71,,,,,44.76,38.74,,,,,,,,,,,,,36.1,31.25,31.47,27.24,136.22,117.9,,,,,,,11.6,10.04,,,60.42,52.29,,,79.54,68.84,39.33,34.04,,,31.43,27.2,21.68,18.77,32.69,28.29,63.48,54.94,56.37,48.79,40.87,35.37,67.58,58.49,10.48,9.07,37.11,32.12,15.05,13.03,,,,,96.81,83.79
481,3.68,1000,120,2.38,500,60,0.33,250,12,3.19,1000,36,2.19,500,12,0.19,250,3,5.49,4.75,7961.12,6883.79,1281.69,1108.25,0.2211,,,32.34,27.97,,,,,12.05,10.42,34.78,30.07,,,,,45.22,39.1,,,,,,,,,,,,,29.13,25.18,29.79,25.76,133.06,115.05,,,,,,,12.88,11.14,,,57.46,49.68,,,76.06,65.77,37.24,32.2,,,31.16,26.94,20.81,18,29.69,25.67,58.84,50.88,59.62,51.55,40.26,34.81,65.31,56.47,9.81,8.48,34.8,30.09,14.77,12.78,,,,,93.49,80.84
482,3.61,1000,120,2.28,500,60,0.32,250,12,3.23,1000,36,2.23,500,12,0.23,250,3,5.83,5.04,8133.36,7035.05,1289.65,1115.5,0.1664,,,31.41,27.17,,,,,13.69,11.84,34.09,29.49,,,,,47.2,40.83,,,,,,,,,,,,,31.69,27.41,32.41,28.03,135.61,117.3,,,,,,,13.65,11.81,,,56.92,49.23,,,75.56,65.36,38.2,33.04,,,33.43,28.92,20.1,17.39,28.8,24.91,64.41,55.71,59.85,51.77,38.98,33.72,61.69,53.36,8.99,7.78,34.79,30.09,15.7,13.58,,,,,93.15,80.57
483,3.89,1000,120,2.59,500,60,0.42,250,12,3.3,1000,36,2.3,500,12,0.3,250,3,5.26,4.55,8608.73,7447.94,1363.04,1179.25,0.2646,,,33.88,29.31,,,,,13.94,12.06,33.49,28.97,,,,,49.48,42.81,,,,,,,,,,,,,33.18,28.7,34.21,29.6,129.17,111.75,,,,,,,14.84,12.84,,,56.8,49.14,,,77.75,67.27,39.88,34.5,,,37.55,32.49,22.01,19.05,30.11,26.05,67.77,58.63,60.98,52.76,39.65,34.3,66.4,57.45,8.43,7.29,40.84,35.33,15.46,13.38,,,,,96.94,83.87
484,3.69,1000,120,2.43,500,60,0.41,250,12,3.45,1000,36,2.45,500,12,0.45,250,3,5.79,5.01,8776.67,7589.29,1396.42,1207.5,0.2747,,,31.67,27.39,,,,,19.73,17.06,32.6,28.19,,,,,50.03,43.26,,,,,,,,,,,,,33.47,28.94,35.46,30.66,140.34,121.35,,,,,,,15.77,13.64,,,57.45,49.68,,,79.68,68.9,40.44,34.97,,,37.5,32.43,22.43,19.39,30.31,26.21,64.83,56.06,,,,,,,8.07,6.98,35.9,31.04,15.59,13.48,,,,,102.58,88.7
485,3.29,1000,120,2.09,500,60,0.35,250,12,3.52,1000,36,2.52,500,12,0.52,250,3,5.21,4.51,7857.28,6791.44,1428.24,1234.5,0.1855,,,29.62,25.6,,,,,18.03,15.58,28.98,25.05,,,,,45.41,39.25,,,,,,,,,,,,,31.66,27.37,33.55,29,138.49,119.7,,,,,,,13.3,11.5,,,55.01,47.55,,,69.86,60.38,37.43,32.35,,,35.84,30.98,21.19,18.32,28.08,24.27,56.96,49.23,,,,,,,6.94,6,33.45,28.91,14.08,12.17,,,,,91.07,78.72
486,2.96,1000,120,1.8,500,60,0.32,250,12,3.41,1000,36,2.41,500,12,0.41,250,3,5.77,5,7471.03,6469.65,1349.94,1169,0.1888,,,30.34,26.27,,,,,16.49,14.28,30.06,26.03,,,,,42.74,37.01,,,,,,,,,,,,,30.53,26.44,33.92,29.37,122.81,106.35,,,,,,,11.81,10.23,,,55.67,48.21,,,65.8,56.98,36.09,31.25,,,31.65,27.41,21.5,18.62,28.01,24.26,55.15,47.76,,,,,,,6.69,5.79,30.36,26.29,15.2,13.16,,,,,91.3,79.06
487,2.94,1000,120,1.6,500,60,0.29,250,12,3.32,1000,36,2.32,500,12,0.32,250,3,7.63,6.62,8065.41,6994.57,1424.07,1235,0.1595,,,32.99,28.61,,,,,16.4,14.22,31.02,26.9,,,,,42.27,36.66,,,,,,,,,,,,,35.43,30.72,34.97,30.33,132.32,114.75,,,,,,,14.77,12.81,,,59.15,51.3,,,69.36,60.15,39.06,33.87,,,33.77,29.29,22.77,19.74,29.75,25.8,58.75,50.95,,,,,,,6.43,5.58,31.34,27.18,16.32,14.15,,,,,98.59,85.5
488,2.58,1000,120,1.41,500,60,0.25,250,12,3.28,1000,36,2.28,500,12,0.28,250,3,8.16,7.09,7718.15,6704.23,1489.7,1294,0.1325,,,34.19,29.7,,,,,15.04,13.06,35.98,31.25,,,,,42.09,36.56,,,,,,,,,,,,,35.6,30.93,36.52,31.72,134.35,116.7,,,,,,,13.27,11.53,,,59.85,51.99,,,69.12,60.04,38.47,33.42,,,30.88,26.82,21.19,18.41,31.36,27.24,57.64,50.07,,,,,,,6.06,5.26,31.14,27.05,16.33,14.19,,,,,91.53,79.51
489,2.54,1000,120,1.26,500,60,0.26,250,12,3.27,1000,36,2.27,500,12,0.27,250,3,7.51,6.55,8353.17,7281.09,1545.05,1346.75,0.1664,,,37.61,32.78,,,,,15.75,13.73,36.59,31.89,,,,,45.19,39.39,,,,,,,,,,,,,39.7,34.6,37.38,32.58,140.94,122.85,,,,,,,14.04,12.24,,,61.43,53.55,,,71.5,62.32,41.19,35.9,,,36.93,32.19,22.88,19.94,33.1,28.85,60.67,52.88,,,,,,,7.06,6.15,36.26,31.61,16.97,14.79,,,,,100.25,87.38
490,2.66,1000,120,1.17,500,60,0.22,250,12,3.27,1000,36,2.27,500,12,0.27,250,3,8.04,7.03,8597.86,7513.37,1583.2,1383.5,0.1144,,,37.5,32.77,,,,,18.02,15.75,38.26,33.43,,,,,45.79,40.01,,,,,,,,,,,,,37.66,32.91,38.62,33.75,151.4,132.3,,,,,,,16.39,14.32,,,62.79,54.87,,,76.35,66.72,41.02,35.85,,,40.05,35,24.51,21.41,32.99,28.83,61.5,53.74,,,,,,,7.29,6.37,34.35,30.02,18.43,16.1,,,,,96.78,84.57
491,2.97,1000,120,1.64,500,60,0.28,250,12,3.3,1000,36,2.3,500,12,0.3,250,3,8.43,7.4,8469.53,7430.95,1601.94,1405.5,0.196,,,36.97,32.44,,,,,18.58,16.3,33.46,29.36,,,,,46.15,40.49,,,,,,,,,,,,,36.26,31.81,39.12,34.32,156.6,137.4,,,,,,,18.51,16.24,,,60.52,53.1,,,80.22,70.38,39.48,34.64,,,46.47,40.77,23.1,20.26,32.05,28.12,67.69,59.39,,,,,,,7.4,6.49,34.2,30.01,19.03,16.69,,,,,97.36,85.42
492,3.3,1000,120,2.01,500,60,0.29,250,12,3.29,1000,36,2.29,500,12,0.29,250,3,9.02,7.94,9034.01,7951.92,1507.58,1327,0.1827,,,40.47,35.62,,,,,17.31,15.24,33.95,29.88,,,,,52.01,45.78,,,,,,,,,,,,,40.92,36.02,40.55,35.69,165.3,145.5,,,,,,,18.92,16.65,,,60.7,53.43,,,83.12,73.16,41.76,36.76,,,48.87,43.02,24.97,21.98,33.36,29.36,63.75,56.11,,,,,,,8.74,7.69,34.55,30.41,19.55,17.21,,,,,98.3,86.53
493,3.48,1000,120,2.02,500,60,0.27,250,12,3.28,1000,36,2.28,500,12,0.28,250,3,9.46,8.36,9217.15,8139.2,1597.87,1411,0.1512,,,41.08,36.28,,,,,16.99,15,39.47,34.85,,,,,51.97,45.89,,,,,,,,,,,,,44.06,38.91,41.54,36.68,156.28,138,,,,,,,18.28,16.14,,,61.08,53.94,,,91.89,81.14,43.03,38,,,49.25,43.49,31.09,27.46,31.62,27.92,61.67,54.46,,,,,,,7.95,7.02,37.55,33.16,20.23,17.86,,,,,99.68,88.02
494,3.41,1000,120,2.11,500,60,0.25,250,12,3.28,1000,36,2.28,500,12,0.28,250,3,9.13,8.1,9506.96,8438.55,1621.19,1439,0.1725,,,41.47,36.81,,,,,20.4,18.11,42.25,37.5,,,,,59.53,52.84,,,,,,,,,,,,,43.58,38.68,41.46,36.8,144.99,128.7,,,,,,,17.01,15.1,,,60.67,53.85,,,97.35,86.41,41.85,37.15,,,49.78,44.19,35.18,31.23,32.05,28.45,65.25,57.92,,,,,,,8.51,7.55,42.3,37.55,20.37,18.08,,,,,103.86,92.19
495,3.46,1000,120,2.24,500,60,0.27,250,12,3.23,1000,36,2.23,500,12,0.23,250,3,8.52,7.59,9424.9,8404.98,1721.83,1535.5,0.1755,,,43.26,38.58,,,,,25.79,23,41.13,36.68,,,,,59.66,53.2,,,,,,,,,,,,,50.17,44.74,40.92,36.49,138.09,123.15,,,,,,,16.85,15.03,,,61.19,54.57,,,95,84.72,41.96,37.42,,,51.6,46.02,35.99,32.1,34.62,30.87,75,66.88,,,,,,,8.13,7.25,42.08,37.53,20.23,18.04,,,,,104.88,93.53
496,3.32,1000,120,1.97,500,60,0.22,250,12,3.21,1000,36,2.21,500,12,0.21,250,3,8.88,7.95,9657.41,8639.73,1713.57,1533,0.11,,,42.45,37.98,,,,,26.31,23.54,40.96,36.64,,,,,58.99,52.77,,,,,,,,,,,,,52.04,46.56,41.25,36.9,137.32,122.85,,,,,,,17.31,15.49,,,62.78,56.16,,,97.73,87.43,43.92,39.29,,,48.85,43.7,35.13,31.42,35.08,31.38,78.84,70.53,,,,,,,8.31,7.43,46.41,41.52,20.96,18.75,,,,,108.34,96.92
497,2.96,1000,120,1.6,500,60,0.18,250,12,3.22,1000,36,2.22,500,12,0.22,250,3,8.49,7.59,9475.82,8477.28,1681.44,1504.25,0.108,,,40.75,36.46,,,,,24.57,21.98,36.32,32.49,,,,,58.09,51.97,,,,,,,,,,,,,53.23,47.62,44.97,40.23,147.55,132,,,,,,,16.52,14.78,,,62.88,56.25,,,93.39,83.55,43.46,38.88,,,51.14,45.75,35.53,31.79,35.13,31.43,75.57,67.61,,,,,,,8,7.16,48.77,43.63,22.08,19.75,,,,,105.44,94.33
498,3.22,1000,120,1.8,500,60,0.2,250,12,3.24,1000,36,2.24,500,12,0.24,250,3,6.83,6.12,9274.71,8319.1,1798.84,1613.5,0.112,,,41.32,37.06,,,,,,,,,,,,,57.27,51.37,,,,,,,,,,,,,51.43,46.13,43.9,39.38,135.12,121.2,,,,,,,15.52,13.92,,,62.88,56.4,,,90.52,81.19,41.43,37.16,,,52.2,46.82,37.1,33.28,35.03,31.42,75.38,67.61,,,,,,,,,49.19,44.12,21.51,19.29,,,,,105.72,94.83
499,2.77,1000,120,1.32,500,60,0.22,250,12,3.29,1000,36,2.29,500,12,0.29,250,3,7.52,6.76,9028.75,8124.03,2028.24,1825,0.132,,,40.4,36.35,,,,,,,,,,,,,54.03,48.62,,,,,,,,,,,,,50.17,45.14,43.28,38.94,126.86,114.15,,,,,,,14.17,12.75,,,62.78,56.49,,,89.82,80.82,35.34,31.8,,,48.33,43.49,34.91,31.41,33.41,30.06,73.08,65.76,,,,,,,,,47.28,42.54,21.78,19.59,,,,,97.78,87.98
500,2.15,1000,120,0.9,500,60,0.1,250,12,3.33,1000,36,2.33,500,12,0.33,250,3,8.44,7.61,8348.65,7528.39,1796.51,1620,0.057,,,39.98,36.05,,,,,,,,,,,,,51.91,46.81,,,,,,,,,,,,,46.76,42.17,44.47,40.1,124.76,112.5,,,,,,,12.35,11.14,,,62.98,56.79,,,82.23,74.15,36.33,32.76,,,43.17,38.93,30,27.05,31.71,28.59,62.08,55.98,,,,,,,,,44.6,40.22,19.92,17.96,,,,,92.07,83.02
501,1.92,1000,120,0.96,500,60,0.13,250,12,3.37,1000,36,2.37,500,12,0.37,250,3,6.75,6.09,7729.65,6974.91,1908.33,1722,0.078,,,40.93,36.93,,,,,,,,,,,,,46.1,41.6,,,,,,,,,,,,,46.39,41.86,41.05,37.04,103.73,93.6,,,,,,,10.96,9.89,,,66.69,60.18,,,80.63,72.76,35.46,32,,,37.05,33.43,24.54,22.14,31.84,28.73,61.27,55.29,,,,,,,,,40.75,36.77,17.34,15.64,,,,,81.91,73.91
502,2.01,1000,120,0.9,500,60,0.13,250,12,3.41,1000,36,2.41,500,12,0.41,250,3,6.97,6.3,8368.16,7565.03,1931.36,1746,0.0806,,,40.84,36.92,,,,,,,,,,,,,50.08,45.27,,,,,,,,,,,,,50.32,45.49,42.9,38.78,101.21,91.5,,,,,,,12.53,11.33,,,66.97,60.54,,,83.87,75.82,35.86,32.42,,,46.01,41.59,27.61,24.96,32.11,29.03,61.03,55.17,,,,,,,,,42.66,38.57,18.64,16.85,,,,,86.16,77.89
503,2.11,1000,120,0.97,500,60,0.12,250,12,3.49,1000,36,2.49,500,12,0.49,250,3,6.79,6.14,8277.11,7484.5,1693.13,1531,0.0792,,,41.67,37.68,,,,,,,,,,,,,50.61,45.76,,,,,,,,,,,,,51.41,46.49,43.24,39.1,94.39,85.35,,,,,,,11.62,10.51,,,68.88,62.28,,,88.69,80.2,34.6,31.29,,,48.97,44.28,30.62,27.69,31.99,28.93,61.33,55.46,,,,,,,,,46.17,41.75,19.36,17.5,,,,,89.85,81.25
504,1.89,1000,120,0.83,500,60,0.12,250,12,3.4,1000,36,2.4,500,12,0.4,250,3,7.2,6.53,8255.87,7485.63,1923.45,1744,0.0732,,,43.95,39.85,,,,,,,,,,,,,51.77,46.94,,,,,,,,,,,,,51.36,46.57,45.34,41.11,84.04,76.2,,,,,,,,,,,,,,,93.92,85.16,36.22,32.84,,,48.46,43.94,32.26,29.25,,,64.16,58.17,,,,,,,,,47.52,43.09,19.69,17.86,,,,,90.69,82.23
505,1.87,1000,120,0.72,500,60,0.13,250,12,3.3,1000,36,2.3,500,12,0.3,250,3,7.42,6.74,8626.59,7838.48,1947.96,1770,0.0702,,,42,38.16,,,,,,,,,,,,,53.76,48.85,,,,,,,,,,,,,50.91,46.26,45.09,40.97,70.65,64.2,,,,,,,,,,,,,,,92.7,84.23,38.41,34.9,,,50.42,45.81,34.81,31.63,,,67.32,61.17,,,,,,,,,47.22,42.91,21.71,19.73,,,,,96.32,87.52
506,2.03,1000,120,0.89,500,60,0.18,250,12,3.29,1000,36,2.29,500,12,0.29,250,3,7.29,6.64,8935.46,8136.13,1825.83,1662.5,0.09,,,41.87,38.12,,,,,,,,,,,,,51.41,46.81,,,,,,,,,,,,,54.73,49.83,45.16,41.12,75.45,68.7,,,,,,,,,,,,,,,94.97,86.47,38.54,35.09,,,51.78,47.15,37.37,34.03,,,71.27,64.89,,,,,,,,,51.34,46.75,22.03,20.06,,,,,96.34,87.72
507,2.23,1000,120,1.04,500,60,0.19,250,12,3.29,1000,36,2.29,500,12,0.29,250,3,7.24,6.61,8992.06,8201.27,1810.47,1651.25,0.1235,,,42.01,38.32,,,,,,,,,,,,,53.82,49.09,,,,,,,,,,,,,55.8,50.89,43.98,40.11,67.43,61.5,,,,,,,,,,,,,,,94.82,86.48,38.37,35,,,53.48,48.78,35.02,31.94,,,69.48,63.37,,,,,,,,,54.38,49.6,23.55,21.48,,,,,97.82,89.22
508,1.98,1000,120,0.84,500,60,0.19,250,12,3.29,1000,36,2.29,500,12,0.29,250,3,7.06,6.43,8915.98,8115.06,1711.77,1558,0.1292,,,44.43,40.44,,,,,,,,,,,,,56.8,51.7,,,,,,,,,,,,,56.19,51.14,44.41,40.42,66.75,60.75,,,,,,,,,,,,,,,94.99,86.46,37.58,34.2,,,53.28,48.49,32.43,29.52,,,71.1,64.71,,,,,,,,,48.41,44.06,22.94,20.88,,,,,97.93,89.13
509,1.47,1000,120,0.62,500,60,0.17,250,12,3.32,1000,36,2.32,500,12,0.32,250,3,6.73,6.12,8102.34,7368.41,1757.72,1598.5,0.102,,,45.66,41.52,,,,,,,,,,,,,50.41,45.84,,,,,,,,,,,,,51.95,47.24,43.61,39.66,60.7,55.2,,,,,,,,,,,,,,,85.63,77.87,35.41,32.2,,,46.73,42.5,26.67,24.25,,,66.53,60.5,,,,,,,,,44.41,40.39,21.65,19.69,,,,,91.32,83.05
510,1.67,1000,120,0.72,500,60,0.21,250,12,3.3,1000,36,2.3,500,12,0.3,250,3,8.28,7.54,8497.51,7730.02,1783.04,1622,0.1323,,,48.83,44.42,,,,,,,,,,,,,,,,,,,,,,,,,,,52.27,47.55,45.13,41.05,65.13,59.25,,,,,,,,,,,,,,,93.2,84.78,36.23,32.96,,,,,27.78,25.27,,,,,,,,,,,,,44.66,40.63,22.67,20.62,,,,,97.42,88.62
511,1.56,1000,120,0.63,500,60,0.17,250,12,3.26,1000,36,2.26,500,12,0.26,250,3,9.61,8.79,8624.74,7891.34,1801.71,1648.5,0.1003,,,,,,,,,,,,,,,,,,,,,,,,,,,,,,,,,46.7,42.73,67.22,61.5,,,,,,,,,,,,,,,,,37.71,34.5,,,,,29.28,26.79,,,,,,,,,,,,,39.63,36.26,,,,,,,100.17,91.65
512,1.57,1000,120,0.59,500,60,0.16,250,12,3.24,1000,36,2.24,500,12,0.24,250,3,9.63,8.86,8716.11,8012.99,1931.84,1776,0.0944,,,,,,,,,,,,,,,,,,,,,,,,,,,,,,,,,48.94,44.99,77.83,71.55,,,,,,,,,,,,,,,,,37.65,34.61,,,,,29.91,27.5,,,,,,,,,,,,,42.36,38.94,,,,,,,100.55,92.44
513,1.64,1000,120,0.62,500,60,0.17,250,12,3.23,1000,36,2.23,500,12,0.23,250,3,9.59,8.84,8978.08,8276.09,1864.81,1719,0.1156,,,,,,,,,,,,,,,,,,,,,,,,,,,,,,,,,47.76,44.03,80.71,74.4,,,,,,,,,,,,,,,,,34.79,32.07,,,,,32.23,29.71,,,,,,,,,,,,,43.2,39.82,,,,,,,100.78,92.9
514,1.75,1000,120,0.73,500,60,0.18,250,12,3.23,1000,36,2.23,500,12,0.23,250,3,9.44,8.69,8944.92,8231.67,1875.55,1726,0.117,,,,,,,,,,,,,,,,,,,,,,,,,,,,,,,,,47.26,43.49,76.77,70.65,,,,,,,,,,,,,,,,,35.64,32.8,,,,,32.66,30.06,,,,,,,,,,,,,47.39,43.61,,,,,,,95.56,87.94
515,1.62,1000,120,0.61,500,60,0.18,250,12,3.24,1000,36,2.24,500,12,0.24,250,3,9.34,8.6,8970.54,8254.25,1801.34,1657.5,0.0954,,,,,,,,,,,,,,,,,,,,,,,,,,,,,,,,,46.29,42.59,77.6,71.4,,,,,,,,,,,,,,,,,35.37,32.55,,,,,33.44,30.77,,,,,,,,,,,,,46.49,42.78,,,,,,,98.55,90.68
516,1.78,1000,120,0.72,500,60,0.16,250,12,3.23,1000,36,2.23,500,12,0.23,250,3,8.44,7.78,9004.69,8302.08,1805.64,1664.75,0.0896,,,,,,,,,,,,,,,,,,,,,,,,,,,,,,,,,46.27,42.66,68.33,63,,,,,,,,,,,,,,,,,36.18,33.36,,,,,32.2,29.69,,,,,,,,,,,,,49.34,45.49,,,,,,,99.3,91.55